Creation Date	Bundle ID	Snapshot Group	Snapshot Index	Expiration Date	Last Used Date	Launch Interface Identifier	Relative Path	Group ID	Image Scale	Fullscreen	Name	Interface Orientation	File Location	Background Style	Identifier	Reference Size	Content Type	Image Opaque	Required OS Version
2022-01-06 22:41:37.235770	com.apple.BarcodeScanner	com.apple.BarcodeScanner - {DEFAULT GROUP}	0			__from_UILaunchStoryboardName__	DB763A12-7AFD-432E-971F-C9E32DF56A8B@2x.ktx	com.apple.BarcodeScanner - {DEFAULT GROUP}	2.0	True		4	1	UIBackgroundStyleDefault	DB763A12-7AFD-432E-971F-C9E32DF56A8B	{375, 667}	1	True	
2022-01-06 22:41:37.258750	com.apple.BarcodeScanner	com.apple.BarcodeScanner - {DEFAULT GROUP}	1			__from_UILaunchStoryboardName__	F2C36F48-CF43-4123-BFFB-03918DAD5330@2x.ktx	com.apple.BarcodeScanner - {DEFAULT GROUP}	2.0	True		4	1	UIBackgroundStyleDefault	F2C36F48-CF43-4123-BFFB-03918DAD5330	{375, 667}	1	True	
2022-01-06 22:41:37.212207	com.apple.BarcodeScanner	com.apple.BarcodeScanner - {DEFAULT GROUP}	2			__from_UILaunchStoryboardName__	503D1D87-E343-4B12-A2A8-24BE0139D95C@2x.ktx	com.apple.BarcodeScanner - {DEFAULT GROUP}	2.0	True		1	1	UIBackgroundStyleDefault	503D1D87-E343-4B12-A2A8-24BE0139D95C	{375, 667}	1	True	
2022-01-06 22:41:37.177984	com.apple.BarcodeScanner	com.apple.BarcodeScanner - {DEFAULT GROUP}	3			__from_UILaunchStoryboardName__	93DBE067-D97C-4E7A-AE75-0A80F5300AA3@2x.ktx	com.apple.BarcodeScanner - {DEFAULT GROUP}	2.0	True		1	1	UIBackgroundStyleDefault	93DBE067-D97C-4E7A-AE75-0A80F5300AA3	{375, 667}	1	True	
2022-01-06 22:41:37.316700	com.apple.WebSheet	com.apple.WebSheet - {DEFAULT GROUP}	0			__from_UILaunchStoryboardName__	AD287E0C-37C0-41A4-855B-028A019ED2CF@2x.ktx	com.apple.WebSheet - {DEFAULT GROUP}	2.0	True		1	1	UIBackgroundStyleDefault	AD287E0C-37C0-41A4-855B-028A019ED2CF	{375, 667}	1	True	
2022-01-06 22:41:37.359900	com.apple.WebSheet	com.apple.WebSheet - {DEFAULT GROUP}	1			__from_UILaunchStoryboardName__	01ACAA50-BF89-4A21-A1BC-A4479C921B20@2x.ktx	com.apple.WebSheet - {DEFAULT GROUP}	2.0	True		4	1	UIBackgroundStyleDefault	01ACAA50-BF89-4A21-A1BC-A4479C921B20	{375, 667}	1	True	
2022-01-06 22:41:37.294395	com.apple.WebSheet	com.apple.WebSheet - {DEFAULT GROUP}	2			__from_UILaunchStoryboardName__	59BF3DC4-1D8F-4308-BE4B-204AF7B34BE6@2x.ktx	com.apple.WebSheet - {DEFAULT GROUP}	2.0	True		1	1	UIBackgroundStyleDefault	59BF3DC4-1D8F-4308-BE4B-204AF7B34BE6	{375, 667}	1	True	
2022-01-06 22:41:37.339286	com.apple.WebSheet	com.apple.WebSheet - {DEFAULT GROUP}	3			__from_UILaunchStoryboardName__	3181701D-243F-4A5A-9802-91B65568D0B8@2x.ktx	com.apple.WebSheet - {DEFAULT GROUP}	2.0	True		4	1	UIBackgroundStyleDefault	3181701D-243F-4A5A-9802-91B65568D0B8	{375, 667}	1	True	
2022-01-06 22:41:37.404690	com.apple.purplebuddy	com.apple.purplebuddy - {DEFAULT GROUP}	0		2022-01-10 17:26:53.092238	__from_UILaunchStoryboardName__	5E9E6FA5-753D-4D2E-817E-91FB561A7348@2x.ktx	com.apple.purplebuddy - {DEFAULT GROUP}	2.0	True		1	1	UIBackgroundStyleDefault	5E9E6FA5-753D-4D2E-817E-91FB561A7348	{375, 667}	1	True	
2022-01-06 22:41:37.427060	com.apple.purplebuddy	com.apple.purplebuddy - {DEFAULT GROUP}	1			__from_UILaunchStoryboardName__	5555735B-4FC9-4783-BB77-A166C4B5C2EC@2x.ktx	com.apple.purplebuddy - {DEFAULT GROUP}	2.0	True		1	1	UIBackgroundStyleDefault	5555735B-4FC9-4783-BB77-A166C4B5C2EC	{375, 667}	1	True	
2022-01-06 22:41:37.665200	com.apple.findmy	com.apple.findmy - {DEFAULT GROUP}	0			__from_UILaunchStoryboardName__	B1BB11E2-6EF6-420B-A49A-472ACEED589B@2x.ktx	com.apple.findmy - {DEFAULT GROUP}	2.0	True		1	1	UIBackgroundStyleDefault	B1BB11E2-6EF6-420B-A49A-472ACEED589B	{375, 667}	1	True	
2022-01-06 22:41:37.750046	com.apple.findmy	com.apple.findmy - {DEFAULT GROUP}	1			__from_UILaunchStoryboardName__	1C35A57C-0F20-43B3-A671-6EF12A4F54AC@2x.ktx	com.apple.findmy - {DEFAULT GROUP}	2.0	True		1	1	UIBackgroundStyleDefault	1C35A57C-0F20-43B3-A671-6EF12A4F54AC	{375, 667}	1	True	
2022-01-06 22:41:37.881337	com.apple.Preferences	com.apple.Preferences - {DEFAULT GROUP}	0		2022-02-14 16:56:58.239151	__from_UILaunchStoryboardName__	9D73F2E4-DC47-4036-B230-CEED5CAF0F2E@2x.ktx	com.apple.Preferences - {DEFAULT GROUP}	2.0	True		1	1	UIBackgroundStyleDefault	9D73F2E4-DC47-4036-B230-CEED5CAF0F2E	{375, 667}	1	True	
2022-02-04 01:15:02.701043	com.apple.Preferences	com.apple.Preferences - {DEFAULT GROUP}	1			__from_UILaunchStoryboardName__	4EEF01B9-4A4B-4374-B1B9-31B1643C4DA3@2x.ktx	com.apple.Preferences - {DEFAULT GROUP}	2.0	True		1	1	UIBackgroundStyleDefault	4EEF01B9-4A4B-4374-B1B9-31B1643C4DA3	{375, 667}	1	True	
2022-01-06 22:41:37.912437	com.apple.Preferences	com.apple.Preferences - {DEFAULT GROUP}	2			__from_UILaunchStoryboardName__	1248DB95-40EE-49AB-8C07-CC0CE809E782@2x.ktx	com.apple.Preferences - {DEFAULT GROUP}	2.0	True		4	1	UIBackgroundStyleDefault	1248DB95-40EE-49AB-8C07-CC0CE809E782	{375, 667}	1	True	
2022-01-06 22:41:37.845480	com.apple.Preferences	com.apple.Preferences - {DEFAULT GROUP}	3			__from_UILaunchStoryboardName__	7D860802-7E7E-447E-95B6-E7A9D48A15C8@2x.ktx	com.apple.Preferences - {DEFAULT GROUP}	2.0	True		1	1	UIBackgroundStyleDefault	7D860802-7E7E-447E-95B6-E7A9D48A15C8	{375, 667}	1	True	
2022-01-06 22:41:37.936962	com.apple.Preferences	com.apple.Preferences - {DEFAULT GROUP}	4			__from_UILaunchStoryboardName__	B1CDA2BA-723D-4B4F-B267-81BC2E9F3A6A@2x.ktx	com.apple.Preferences - {DEFAULT GROUP}	2.0	True		4	1	UIBackgroundStyleDefault	B1CDA2BA-723D-4B4F-B267-81BC2E9F3A6A	{375, 667}	1	True	
2022-01-06 22:41:38.048281	com.apple.mobileslideshow	com.apple.mobileslideshow - {DEFAULT GROUP}	0			__from_UILaunchStoryboardName__	C25F0B88-2895-46C3-BDC6-51BE8CE355B0@2x.ktx	com.apple.mobileslideshow - {DEFAULT GROUP}	2.0	True		4	1	UIBackgroundStyleDefault	C25F0B88-2895-46C3-BDC6-51BE8CE355B0	{375, 667}	1	True	
2022-01-06 22:41:37.990408	com.apple.mobileslideshow	com.apple.mobileslideshow - {DEFAULT GROUP}	1			__from_UILaunchStoryboardName__	D0E6D4E0-5247-4CDC-9C47-FE0782A58E5C@2x.ktx	com.apple.mobileslideshow - {DEFAULT GROUP}	2.0	True		1	1	UIBackgroundStyleDefault	D0E6D4E0-5247-4CDC-9C47-FE0782A58E5C	{375, 667}	1	True	
2022-01-06 22:41:38.073435	com.apple.mobileslideshow	com.apple.mobileslideshow - {DEFAULT GROUP}	2			__from_UILaunchStoryboardName__	EAF77EC4-86E5-485F-AFB9-79B9F8973A0C@2x.ktx	com.apple.mobileslideshow - {DEFAULT GROUP}	2.0	True		4	1	UIBackgroundStyleDefault	EAF77EC4-86E5-485F-AFB9-79B9F8973A0C	{375, 667}	1	True	
2022-01-06 22:41:38.015953	com.apple.mobileslideshow	com.apple.mobileslideshow - {DEFAULT GROUP}	3			__from_UILaunchStoryboardName__	E3B0396C-B5EE-4320-9A2A-810BD1217CF7@2x.ktx	com.apple.mobileslideshow - {DEFAULT GROUP}	2.0	True		1	1	UIBackgroundStyleDefault	E3B0396C-B5EE-4320-9A2A-810BD1217CF7	{375, 667}	1	True	
2022-01-06 22:41:38.135670	com.apple.ScreenSharingViewService	com.apple.ScreenSharingViewService - {DEFAULT GROUP}	0			__from_UILaunchStoryboardName__	2921D84A-3E3A-47E3-9D22-A6587B6DC123@2x.ktx	com.apple.ScreenSharingViewService - {DEFAULT GROUP}	2.0	True		1	1	UIBackgroundStyleDefault	2921D84A-3E3A-47E3-9D22-A6587B6DC123	{375, 667}	1	True	
2022-01-06 22:41:38.208315	com.apple.ScreenSharingViewService	com.apple.ScreenSharingViewService - {DEFAULT GROUP}	1			__from_UILaunchStoryboardName__	4914C2D3-D16A-49FD-B6AB-F08C095CC13D@2x.ktx	com.apple.ScreenSharingViewService - {DEFAULT GROUP}	2.0	True		4	1	UIBackgroundStyleDefault	4914C2D3-D16A-49FD-B6AB-F08C095CC13D	{375, 667}	1	True	
2022-01-06 22:41:38.184062	com.apple.ScreenSharingViewService	com.apple.ScreenSharingViewService - {DEFAULT GROUP}	2			__from_UILaunchStoryboardName__	D862DC7A-6484-43F5-BC58-A8974720E2D3@2x.ktx	com.apple.ScreenSharingViewService - {DEFAULT GROUP}	2.0	True		4	1	UIBackgroundStyleDefault	D862DC7A-6484-43F5-BC58-A8974720E2D3	{375, 667}	1	True	
2022-01-06 22:41:38.161335	com.apple.ScreenSharingViewService	com.apple.ScreenSharingViewService - {DEFAULT GROUP}	3			__from_UILaunchStoryboardName__	7EA6A20D-1784-4860-A77B-CF2A4250D266@2x.ktx	com.apple.ScreenSharingViewService - {DEFAULT GROUP}	2.0	True		1	1	UIBackgroundStyleDefault	7EA6A20D-1784-4860-A77B-CF2A4250D266	{375, 667}	1	True	
2022-01-06 22:41:38.238068	com.apple.Photos.PhotosUIService	com.apple.Photos.PhotosUIService - {DEFAULT GROUP}	0			__from_UILaunchStoryboardName__	86F90E6A-6B63-443C-B80E-D4131CDFA770@2x.ktx	com.apple.Photos.PhotosUIService - {DEFAULT GROUP}	2.0	True		1	1	UIBackgroundStyleDefault	86F90E6A-6B63-443C-B80E-D4131CDFA770	{375, 667}	1	True	
2022-01-06 22:41:38.304476	com.apple.Photos.PhotosUIService	com.apple.Photos.PhotosUIService - {DEFAULT GROUP}	1			__from_UILaunchStoryboardName__	49036F83-762B-4BFC-8B25-198F2461FC6F@2x.ktx	com.apple.Photos.PhotosUIService - {DEFAULT GROUP}	2.0	True		4	1	UIBackgroundStyleDefault	49036F83-762B-4BFC-8B25-198F2461FC6F	{375, 667}	1	True	
2022-01-06 22:41:38.282942	com.apple.Photos.PhotosUIService	com.apple.Photos.PhotosUIService - {DEFAULT GROUP}	2			__from_UILaunchStoryboardName__	8B333D5C-DE57-4A8A-8C36-3BD97FD576A6@2x.ktx	com.apple.Photos.PhotosUIService - {DEFAULT GROUP}	2.0	True		4	1	UIBackgroundStyleDefault	8B333D5C-DE57-4A8A-8C36-3BD97FD576A6	{375, 667}	1	True	
2022-01-06 22:41:38.260070	com.apple.Photos.PhotosUIService	com.apple.Photos.PhotosUIService - {DEFAULT GROUP}	3			__from_UILaunchStoryboardName__	DDC7487C-2DFA-49C8-B66C-1ADDD42FFAE5@2x.ktx	com.apple.Photos.PhotosUIService - {DEFAULT GROUP}	2.0	True		1	1	UIBackgroundStyleDefault	DDC7487C-2DFA-49C8-B66C-1ADDD42FFAE5	{375, 667}	1	True	
2022-01-06 22:41:38.378041	com.apple.Home.HomeControlService	com.apple.Home.HomeControlService - {DEFAULT GROUP}	0			__from_UILaunchStoryboardName__	0F3985A7-83F5-4490-8E02-355ECDC0608B@2x.ktx	com.apple.Home.HomeControlService - {DEFAULT GROUP}	2.0	True		4	1	UIBackgroundStyleDefault	0F3985A7-83F5-4490-8E02-355ECDC0608B	{375, 667}	1	True	
2022-01-06 22:41:38.357509	com.apple.Home.HomeControlService	com.apple.Home.HomeControlService - {DEFAULT GROUP}	1			__from_UILaunchStoryboardName__	C7429E81-0C3A-4C8C-A974-E2B4B07A1206@2x.ktx	com.apple.Home.HomeControlService - {DEFAULT GROUP}	2.0	True		1	1	UIBackgroundStyleDefault	C7429E81-0C3A-4C8C-A974-E2B4B07A1206	{375, 667}	1	True	
2022-01-06 22:41:38.401095	com.apple.Home.HomeControlService	com.apple.Home.HomeControlService - {DEFAULT GROUP}	2			__from_UILaunchStoryboardName__	539BDB96-FE3D-4406-AE7E-1E694D9E8903@2x.ktx	com.apple.Home.HomeControlService - {DEFAULT GROUP}	2.0	True		4	1	UIBackgroundStyleDefault	539BDB96-FE3D-4406-AE7E-1E694D9E8903	{375, 667}	1	True	
2022-01-06 22:41:38.334916	com.apple.Home.HomeControlService	com.apple.Home.HomeControlService - {DEFAULT GROUP}	3			__from_UILaunchStoryboardName__	FB56B66A-61A3-45FF-B8BD-45CD05526CF1@2x.ktx	com.apple.Home.HomeControlService - {DEFAULT GROUP}	2.0	True		1	1	UIBackgroundStyleDefault	FB56B66A-61A3-45FF-B8BD-45CD05526CF1	{375, 667}	1	True	
2022-01-06 22:41:38.473100	com.apple.webapp	com.apple.webapp - {DEFAULT GROUP}	0			__from_UILaunchStoryboardName__	34817A44-95CB-435A-8E60-72D31B51C984@2x.ktx	com.apple.webapp - {DEFAULT GROUP}	2.0	True		4	1	UIBackgroundStyleDefault	34817A44-95CB-435A-8E60-72D31B51C984	{375, 667}	1	True	
2022-01-06 22:41:38.429238	com.apple.webapp	com.apple.webapp - {DEFAULT GROUP}	1			__from_UILaunchStoryboardName__	F1486D6D-537E-4623-AA85-5E85A50FC228@2x.ktx	com.apple.webapp - {DEFAULT GROUP}	2.0	True		1	1	UIBackgroundStyleDefault	F1486D6D-537E-4623-AA85-5E85A50FC228	{375, 667}	1	True	
2022-01-06 22:41:38.496226	com.apple.webapp	com.apple.webapp - {DEFAULT GROUP}	2			__from_UILaunchStoryboardName__	C68D5DAE-65C8-432A-ABF7-DCDA8ACFDD4E@2x.ktx	com.apple.webapp - {DEFAULT GROUP}	2.0	True		4	1	UIBackgroundStyleDefault	C68D5DAE-65C8-432A-ABF7-DCDA8ACFDD4E	{375, 667}	1	True	
2022-01-06 22:41:38.451784	com.apple.webapp	com.apple.webapp - {DEFAULT GROUP}	3			__from_UILaunchStoryboardName__	BF937567-0DF3-49F4-B58A-55E55FB6810B@2x.ktx	com.apple.webapp - {DEFAULT GROUP}	2.0	True		1	1	UIBackgroundStyleDefault	BF937567-0DF3-49F4-B58A-55E55FB6810B	{375, 667}	1	True	
2022-01-06 22:41:38.566852	com.apple.musicrecognition	com.apple.musicrecognition - {DEFAULT GROUP}	0			__from_UILaunchStoryboardName__	3E4BBCD1-865D-46AD-96A7-B9FDF58D1911@2x.ktx	com.apple.musicrecognition - {DEFAULT GROUP}	2.0	True		4	1	UIBackgroundStyleDefault	3E4BBCD1-865D-46AD-96A7-B9FDF58D1911	{375, 667}	1	True	
2022-01-06 22:41:38.546193	com.apple.musicrecognition	com.apple.musicrecognition - {DEFAULT GROUP}	1			__from_UILaunchStoryboardName__	E10900F9-6918-4357-8F50-84BA0C272E41@2x.ktx	com.apple.musicrecognition - {DEFAULT GROUP}	2.0	True		1	1	UIBackgroundStyleDefault	E10900F9-6918-4357-8F50-84BA0C272E41	{375, 667}	1	True	
2022-01-06 22:41:38.587501	com.apple.musicrecognition	com.apple.musicrecognition - {DEFAULT GROUP}	2			__from_UILaunchStoryboardName__	52B94DB1-FE5E-4C61-9D94-A746B7A01E93@2x.ktx	com.apple.musicrecognition - {DEFAULT GROUP}	2.0	True		4	1	UIBackgroundStyleDefault	52B94DB1-FE5E-4C61-9D94-A746B7A01E93	{375, 667}	1	True	
2022-01-06 22:41:38.523933	com.apple.musicrecognition	com.apple.musicrecognition - {DEFAULT GROUP}	3			__from_UILaunchStoryboardName__	3F1AADFE-6ED6-459F-842D-0B83A8646355@2x.ktx	com.apple.musicrecognition - {DEFAULT GROUP}	2.0	True		1	1	UIBackgroundStyleDefault	3F1AADFE-6ED6-459F-842D-0B83A8646355	{375, 667}	1	True	
2022-01-06 22:41:38.678960	com.apple.MBHelperApp	com.apple.MBHelperApp - {DEFAULT GROUP}	0			__from_UILaunchStoryboardName__	4610A6C8-EEBD-4843-8A5B-A33AC6270B76@2x.ktx	com.apple.MBHelperApp - {DEFAULT GROUP}	2.0	True		4	1	UIBackgroundStyleDefault	4610A6C8-EEBD-4843-8A5B-A33AC6270B76	{375, 667}	1	True	
2022-01-06 22:41:38.614405	com.apple.MBHelperApp	com.apple.MBHelperApp - {DEFAULT GROUP}	1			__from_UILaunchStoryboardName__	687B99F1-5420-42A3-8209-7B2D492248EE@2x.ktx	com.apple.MBHelperApp - {DEFAULT GROUP}	2.0	True		1	1	UIBackgroundStyleDefault	687B99F1-5420-42A3-8209-7B2D492248EE	{375, 667}	1	True	
2022-01-06 22:41:38.636368	com.apple.MBHelperApp	com.apple.MBHelperApp - {DEFAULT GROUP}	2			__from_UILaunchStoryboardName__	D1153A0F-D00B-4B86-A53E-4F1216CC2EC8@2x.ktx	com.apple.MBHelperApp - {DEFAULT GROUP}	2.0	True		1	1	UIBackgroundStyleDefault	D1153A0F-D00B-4B86-A53E-4F1216CC2EC8	{375, 667}	1	True	
2022-01-06 22:41:38.656793	com.apple.MBHelperApp	com.apple.MBHelperApp - {DEFAULT GROUP}	3			__from_UILaunchStoryboardName__	DA87A559-4D5B-4927-B668-B0A9CB265284@2x.ktx	com.apple.MBHelperApp - {DEFAULT GROUP}	2.0	True		4	1	UIBackgroundStyleDefault	DA87A559-4D5B-4927-B668-B0A9CB265284	{375, 667}	1	True	
2022-01-06 22:41:38.711440	com.apple.ClipViewService	com.apple.ClipViewService - {DEFAULT GROUP}	0			__from_UILaunchStoryboardName__	0350C6BB-78B3-4B3E-A5AD-181FACFA758F@2x.ktx	com.apple.ClipViewService - {DEFAULT GROUP}	2.0	True		1	1	UIBackgroundStyleDefault	0350C6BB-78B3-4B3E-A5AD-181FACFA758F	{375, 667}	1	True	
2022-01-06 22:41:38.733018	com.apple.ClipViewService	com.apple.ClipViewService - {DEFAULT GROUP}	1			__from_UILaunchStoryboardName__	2BF52A74-3AA7-45F2-A546-EFE78216C3BA@2x.ktx	com.apple.ClipViewService - {DEFAULT GROUP}	2.0	True		1	1	UIBackgroundStyleDefault	2BF52A74-3AA7-45F2-A546-EFE78216C3BA	{375, 667}	1	True	
2022-01-06 22:41:38.753092	com.apple.ClipViewService	com.apple.ClipViewService - {DEFAULT GROUP}	2			__from_UILaunchStoryboardName__	AFADF48B-80AE-4EB2-9A9F-3518620C0445@2x.ktx	com.apple.ClipViewService - {DEFAULT GROUP}	2.0	True		4	1	UIBackgroundStyleDefault	AFADF48B-80AE-4EB2-9A9F-3518620C0445	{375, 667}	1	True	
2022-01-06 22:41:38.775278	com.apple.ClipViewService	com.apple.ClipViewService - {DEFAULT GROUP}	3			__from_UILaunchStoryboardName__	95343F7B-653E-4DA5-A422-94B94444AD92@2x.ktx	com.apple.ClipViewService - {DEFAULT GROUP}	2.0	True		4	1	UIBackgroundStyleDefault	95343F7B-653E-4DA5-A422-94B94444AD92	{375, 667}	1	True	
2022-01-06 22:41:38.825907	com.apple.FTMInternal	com.apple.FTMInternal - {DEFAULT GROUP}	0			__from_UILaunchStoryboardName__	EC70F0A0-DF42-477B-80C7-8355F139F0DD@2x.ktx	com.apple.FTMInternal - {DEFAULT GROUP}	2.0	True		1	1	UIBackgroundStyleDefault	EC70F0A0-DF42-477B-80C7-8355F139F0DD	{375, 667}	1	True	
2022-01-06 22:41:38.803086	com.apple.FTMInternal	com.apple.FTMInternal - {DEFAULT GROUP}	1			__from_UILaunchStoryboardName__	0458B789-63D4-409A-9224-AFC4F35BE4A7@2x.ktx	com.apple.FTMInternal - {DEFAULT GROUP}	2.0	True		1	1	UIBackgroundStyleDefault	0458B789-63D4-409A-9224-AFC4F35BE4A7	{375, 667}	1	True	
2022-01-06 22:41:38.923720	com.apple.ScreenTimeUnlock	com.apple.ScreenTimeUnlock - {DEFAULT GROUP}	0			__from_UILaunchStoryboardName__	0CC2FBD0-2D40-4F15-BF5B-DF4AF55B48C0@2x.ktx	com.apple.ScreenTimeUnlock - {DEFAULT GROUP}	2.0	True		4	1	UIBackgroundStyleDefault	0CC2FBD0-2D40-4F15-BF5B-DF4AF55B48C0	{375, 667}	1	True	
2022-01-06 22:41:38.856704	com.apple.ScreenTimeUnlock	com.apple.ScreenTimeUnlock - {DEFAULT GROUP}	1			__from_UILaunchStoryboardName__	89547335-7467-49CC-A667-3220E17A6D90@2x.ktx	com.apple.ScreenTimeUnlock - {DEFAULT GROUP}	2.0	True		1	1	UIBackgroundStyleDefault	89547335-7467-49CC-A667-3220E17A6D90	{375, 667}	1	True	
2022-01-06 22:41:38.900710	com.apple.ScreenTimeUnlock	com.apple.ScreenTimeUnlock - {DEFAULT GROUP}	2			__from_UILaunchStoryboardName__	F053F356-040A-40F8-B7A0-A5A23897BC7F@2x.ktx	com.apple.ScreenTimeUnlock - {DEFAULT GROUP}	2.0	True		4	1	UIBackgroundStyleDefault	F053F356-040A-40F8-B7A0-A5A23897BC7F	{375, 667}	1	True	
2022-01-06 22:41:38.877916	com.apple.ScreenTimeUnlock	com.apple.ScreenTimeUnlock - {DEFAULT GROUP}	3			__from_UILaunchStoryboardName__	4BAFF381-EC3B-44F3-8712-3E535EF3FDD3@2x.ktx	com.apple.ScreenTimeUnlock - {DEFAULT GROUP}	2.0	True		1	1	UIBackgroundStyleDefault	4BAFF381-EC3B-44F3-8712-3E535EF3FDD3	{375, 667}	1	True	
2022-02-11 04:19:23.911924	com.apple.mobilesafari	sceneID:com.apple.mobilesafari-E17BBAF8-4102-4828-BC33-442B1EAF89D1	0				2CFCB368-5E55-46B0-8F59-34057DFC156F@2x.ktx	sceneID:com.apple.mobilesafari-E17BBAF8-4102-4828-BC33-442B1EAF89D1	2.0	True		1	1	UIBackgroundStyleDefault	2CFCB368-5E55-46B0-8F59-34057DFC156F	{375, 667}	0	True	
2022-02-11 04:19:23.877465	com.apple.mobilesafari	sceneID:com.apple.mobilesafari-E17BBAF8-4102-4828-BC33-442B1EAF89D1	1				FF341BB1-119C-4B38-93A4-922E42725354@2x.ktx	sceneID:com.apple.mobilesafari-E17BBAF8-4102-4828-BC33-442B1EAF89D1	2.0	True		1	1	UIBackgroundStyleDefault	FF341BB1-119C-4B38-93A4-922E42725354	{375, 667}	0	True	
2022-02-11 04:19:23.946730	com.apple.mobilesafari	sceneID:com.apple.mobilesafari-E17BBAF8-4102-4828-BC33-442B1EAF89D1	2				EC8A5445-6190-4EFB-89CF-B117B0062656@2x.ktx	sceneID:com.apple.mobilesafari-E17BBAF8-4102-4828-BC33-442B1EAF89D1	2.0	True		1	1	UIBackgroundStyleDefault	EC8A5445-6190-4EFB-89CF-B117B0062656	{375, 667}	0	True	
2022-02-11 04:19:23.979816	com.apple.mobilesafari	sceneID:com.apple.mobilesafari-E17BBAF8-4102-4828-BC33-442B1EAF89D1	3				E64569D3-B9D8-4271-B2AC-7A9C67DA2010@2x.ktx	sceneID:com.apple.mobilesafari-E17BBAF8-4102-4828-BC33-442B1EAF89D1	2.0	True		1	1	UIBackgroundStyleDefault	E64569D3-B9D8-4271-B2AC-7A9C67DA2010	{375, 667}	0	True	
2022-01-06 22:41:39.040287	com.apple.mobilesafari	com.apple.mobilesafari - {DEFAULT GROUP}	0		2022-02-11 04:09:16.809352	__from_UILaunchStoryboardName__	8D311035-4AD8-4B33-AFA1-6641396C8F1E@2x.ktx	com.apple.mobilesafari - {DEFAULT GROUP}	2.0	True		1	1	UIBackgroundStyleDefault	8D311035-4AD8-4B33-AFA1-6641396C8F1E	{375, 667}	1	True	
2022-01-06 22:41:39.061155	com.apple.mobilesafari	com.apple.mobilesafari - {DEFAULT GROUP}	1			__from_UILaunchStoryboardName__	FD00804E-FFBB-4F1D-B0C5-8717086FD6FC@2x.ktx	com.apple.mobilesafari - {DEFAULT GROUP}	2.0	True		4	1	UIBackgroundStyleDefault	FD00804E-FFBB-4F1D-B0C5-8717086FD6FC	{375, 667}	1	True	
2022-01-06 22:41:39.015116	com.apple.mobilesafari	com.apple.mobilesafari - {DEFAULT GROUP}	2			__from_UILaunchStoryboardName__	1DEE8730-745D-4B3F-A001-4E0388BFE8B7@2x.ktx	com.apple.mobilesafari - {DEFAULT GROUP}	2.0	True		1	1	UIBackgroundStyleDefault	1DEE8730-745D-4B3F-A001-4E0388BFE8B7	{375, 667}	1	True	
2022-01-06 22:41:39.083252	com.apple.mobilesafari	com.apple.mobilesafari - {DEFAULT GROUP}	3			__from_UILaunchStoryboardName__	F502920C-D16D-4B40-9B0B-9C2B0CEDF14D@2x.ktx	com.apple.mobilesafari - {DEFAULT GROUP}	2.0	True		4	1	UIBackgroundStyleDefault	F502920C-D16D-4B40-9B0B-9C2B0CEDF14D	{375, 667}	1	True	
2022-01-06 22:41:39.131066	com.apple.AppSettings	com.apple.AppSettings - {DEFAULT GROUP}	0			__from_UILaunchStoryboardName__	2F5BD094-0FA8-49F0-A12A-68884AC17E22@2x.ktx	com.apple.AppSettings - {DEFAULT GROUP}	2.0	True		1	1	UIBackgroundStyleDefault	2F5BD094-0FA8-49F0-A12A-68884AC17E22	{375, 667}	1	True	
2022-01-06 22:41:39.150552	com.apple.AppSettings	com.apple.AppSettings - {DEFAULT GROUP}	1			__from_UILaunchStoryboardName__	91DEBC03-F26D-4754-B12F-3947679BCDFF@2x.ktx	com.apple.AppSettings - {DEFAULT GROUP}	2.0	True		4	1	UIBackgroundStyleDefault	91DEBC03-F26D-4754-B12F-3947679BCDFF	{375, 667}	1	True	
2022-01-06 22:41:39.174306	com.apple.AppSettings	com.apple.AppSettings - {DEFAULT GROUP}	2			__from_UILaunchStoryboardName__	213CE1CC-33D7-4669-B6F5-948E1315B6A4@2x.ktx	com.apple.AppSettings - {DEFAULT GROUP}	2.0	True		4	1	UIBackgroundStyleDefault	213CE1CC-33D7-4669-B6F5-948E1315B6A4	{375, 667}	1	True	
2022-01-06 22:41:39.108993	com.apple.AppSettings	com.apple.AppSettings - {DEFAULT GROUP}	3			__from_UILaunchStoryboardName__	262D84B7-AD73-4165-A26B-F6AAD9FC200E@2x.ktx	com.apple.AppSettings - {DEFAULT GROUP}	2.0	True		1	1	UIBackgroundStyleDefault	262D84B7-AD73-4165-A26B-F6AAD9FC200E	{375, 667}	1	True	
2022-01-06 22:41:39.226283	com.apple.BusinessChatViewService	com.apple.BusinessChatViewService - {DEFAULT GROUP}	0			__from_UILaunchStoryboardName__	4C509401-DC66-4E3D-95AB-E4F792E25747@2x.ktx	com.apple.BusinessChatViewService - {DEFAULT GROUP}	2.0	True		1	1	UIBackgroundStyleDefault	4C509401-DC66-4E3D-95AB-E4F792E25747	{375, 667}	1	True	
2022-01-06 22:41:39.269267	com.apple.BusinessChatViewService	com.apple.BusinessChatViewService - {DEFAULT GROUP}	1			__from_UILaunchStoryboardName__	AC78F0E6-1F9B-47EA-B910-0C7A46F812D6@2x.ktx	com.apple.BusinessChatViewService - {DEFAULT GROUP}	2.0	True		4	1	UIBackgroundStyleDefault	AC78F0E6-1F9B-47EA-B910-0C7A46F812D6	{375, 667}	1	True	
2022-01-06 22:41:39.204631	com.apple.BusinessChatViewService	com.apple.BusinessChatViewService - {DEFAULT GROUP}	2			__from_UILaunchStoryboardName__	689E774A-6C22-462B-9C75-B3646BF938FA@2x.ktx	com.apple.BusinessChatViewService - {DEFAULT GROUP}	2.0	True		1	1	UIBackgroundStyleDefault	689E774A-6C22-462B-9C75-B3646BF938FA	{375, 667}	1	True	
2022-01-06 22:41:39.247980	com.apple.BusinessChatViewService	com.apple.BusinessChatViewService - {DEFAULT GROUP}	3			__from_UILaunchStoryboardName__	531EAAB2-11C0-4CF3-8CC5-BFC99FDD99A1@2x.ktx	com.apple.BusinessChatViewService - {DEFAULT GROUP}	2.0	True		4	1	UIBackgroundStyleDefault	531EAAB2-11C0-4CF3-8CC5-BFC99FDD99A1	{375, 667}	1	True	
2022-01-06 22:41:39.363322	com.apple.shortcuts.runtime	com.apple.shortcuts.runtime - {DEFAULT GROUP}	0			__from_UILaunchStoryboardName__	0C842EB2-D94B-4862-8128-E86F38DFC6C3@2x.ktx	com.apple.shortcuts.runtime - {DEFAULT GROUP}	2.0	True		4	1	UIBackgroundStyleDefault	0C842EB2-D94B-4862-8128-E86F38DFC6C3	{375, 667}	1	True	
2022-01-06 22:41:39.341645	com.apple.shortcuts.runtime	com.apple.shortcuts.runtime - {DEFAULT GROUP}	1			__from_UILaunchStoryboardName__	2A841E2B-7375-4DF3-8729-C7A1A27C3851@2x.ktx	com.apple.shortcuts.runtime - {DEFAULT GROUP}	2.0	True		4	1	UIBackgroundStyleDefault	2A841E2B-7375-4DF3-8729-C7A1A27C3851	{375, 667}	1	True	
2022-01-06 22:41:39.320998	com.apple.shortcuts.runtime	com.apple.shortcuts.runtime - {DEFAULT GROUP}	2			__from_UILaunchStoryboardName__	39A3EDEE-EAAE-478E-A3C6-83367C569DF0@2x.ktx	com.apple.shortcuts.runtime - {DEFAULT GROUP}	2.0	True		1	1	UIBackgroundStyleDefault	39A3EDEE-EAAE-478E-A3C6-83367C569DF0	{375, 667}	1	True	
2022-01-06 22:41:39.298955	com.apple.shortcuts.runtime	com.apple.shortcuts.runtime - {DEFAULT GROUP}	3			__from_UILaunchStoryboardName__	924194EF-7FEC-4FDA-87A3-F2A1CBA70110@2x.ktx	com.apple.shortcuts.runtime - {DEFAULT GROUP}	2.0	True		1	1	UIBackgroundStyleDefault	924194EF-7FEC-4FDA-87A3-F2A1CBA70110	{375, 667}	1	True	
2022-01-06 22:41:39.429888	com.apple.PeopleViewService	com.apple.PeopleViewService - {DEFAULT GROUP}	0			__from_UILaunchStoryboardName__	80C55DE6-3AAC-42AB-B761-5BC3B1DBE04B@2x.ktx	com.apple.PeopleViewService - {DEFAULT GROUP}	2.0	True		4	1	UIBackgroundStyleDefault	80C55DE6-3AAC-42AB-B761-5BC3B1DBE04B	{375, 667}	1	True	
2022-01-06 22:41:39.410131	com.apple.PeopleViewService	com.apple.PeopleViewService - {DEFAULT GROUP}	1			__from_UILaunchStoryboardName__	7879EBF1-DA2F-45A5-93BF-2B624045CDB2@2x.ktx	com.apple.PeopleViewService - {DEFAULT GROUP}	2.0	True		1	1	UIBackgroundStyleDefault	7879EBF1-DA2F-45A5-93BF-2B624045CDB2	{375, 667}	1	True	
2022-01-06 22:41:39.388173	com.apple.PeopleViewService	com.apple.PeopleViewService - {DEFAULT GROUP}	2			__from_UILaunchStoryboardName__	AD71EA98-90AC-48E9-A8D1-2631D175F75F@2x.ktx	com.apple.PeopleViewService - {DEFAULT GROUP}	2.0	True		1	1	UIBackgroundStyleDefault	AD71EA98-90AC-48E9-A8D1-2631D175F75F	{375, 667}	1	True	
2022-01-06 22:41:39.451218	com.apple.PeopleViewService	com.apple.PeopleViewService - {DEFAULT GROUP}	3			__from_UILaunchStoryboardName__	2F3EBEB6-67D8-4D45-9235-40E475F54A04@2x.ktx	com.apple.PeopleViewService - {DEFAULT GROUP}	2.0	True		4	1	UIBackgroundStyleDefault	2F3EBEB6-67D8-4D45-9235-40E475F54A04	{375, 667}	1	True	
2022-01-06 22:41:39.480867	com.apple.Diagnostics	com.apple.Diagnostics - {DEFAULT GROUP}	0			__from_UILaunchStoryboardName__	6C405BB3-DD00-41E0-B71F-F4D6E07F34D9@2x.ktx	com.apple.Diagnostics - {DEFAULT GROUP}	2.0	True		1	1	UIBackgroundStyleDefault	6C405BB3-DD00-41E0-B71F-F4D6E07F34D9	{375, 667}	1	True	
2022-01-06 22:41:39.502828	com.apple.Diagnostics	com.apple.Diagnostics - {DEFAULT GROUP}	1			__from_UILaunchStoryboardName__	BCB728E8-A62E-40FB-9975-59C69609CC38@2x.ktx	com.apple.Diagnostics - {DEFAULT GROUP}	2.0	True		1	1	UIBackgroundStyleDefault	BCB728E8-A62E-40FB-9975-59C69609CC38	{375, 667}	1	True	
2022-01-06 22:41:39.596749	com.apple.CarPlaySettings	com.apple.CarPlaySettings - {DEFAULT GROUP}	0			__from_UILaunchStoryboardName__	9A912EB7-8BE3-4748-8CD9-3579E0CDDBF8@2x.ktx	com.apple.CarPlaySettings - {DEFAULT GROUP}	2.0	True		4	1	UIBackgroundStyleDefault	9A912EB7-8BE3-4748-8CD9-3579E0CDDBF8	{375, 667}	1	True	
2022-01-06 22:41:39.552373	com.apple.CarPlaySettings	com.apple.CarPlaySettings - {DEFAULT GROUP}	1			__from_UILaunchStoryboardName__	FC43D0FD-B25A-43BF-ADCB-4443CA0046F0@2x.ktx	com.apple.CarPlaySettings - {DEFAULT GROUP}	2.0	True		1	1	UIBackgroundStyleDefault	FC43D0FD-B25A-43BF-ADCB-4443CA0046F0	{375, 667}	1	True	
2022-01-06 22:41:39.531551	com.apple.CarPlaySettings	com.apple.CarPlaySettings - {DEFAULT GROUP}	2			__from_UILaunchStoryboardName__	ECD13FCC-ACE3-4E83-9FE7-938F1F96F680@2x.ktx	com.apple.CarPlaySettings - {DEFAULT GROUP}	2.0	True		1	1	UIBackgroundStyleDefault	ECD13FCC-ACE3-4E83-9FE7-938F1F96F680	{375, 667}	1	True	
2022-01-06 22:41:39.574818	com.apple.CarPlaySettings	com.apple.CarPlaySettings - {DEFAULT GROUP}	3			__from_UILaunchStoryboardName__	A5DB690A-A0F1-4FC8-AF0A-07EC39CA96FD@2x.ktx	com.apple.CarPlaySettings - {DEFAULT GROUP}	2.0	True		4	1	UIBackgroundStyleDefault	A5DB690A-A0F1-4FC8-AF0A-07EC39CA96FD	{375, 667}	1	True	
2022-01-06 22:41:39.648619	com.apple.HealthENLauncher	com.apple.HealthENLauncher - {DEFAULT GROUP}	0			__from_UILaunchStoryboardName__	7B918080-2BD4-4D1A-9F89-670A42B08BF0@2x.ktx	com.apple.HealthENLauncher - {DEFAULT GROUP}	2.0	True		1	1	UIBackgroundStyleDefault	7B918080-2BD4-4D1A-9F89-670A42B08BF0	{375, 667}	1	True	
2022-01-06 22:41:39.691043	com.apple.HealthENLauncher	com.apple.HealthENLauncher - {DEFAULT GROUP}	1			__from_UILaunchStoryboardName__	2647ECA7-29CD-4AB4-9F82-26FAD80A804A@2x.ktx	com.apple.HealthENLauncher - {DEFAULT GROUP}	2.0	True		4	1	UIBackgroundStyleDefault	2647ECA7-29CD-4AB4-9F82-26FAD80A804A	{375, 667}	1	True	
2022-01-06 22:41:39.626749	com.apple.HealthENLauncher	com.apple.HealthENLauncher - {DEFAULT GROUP}	2			__from_UILaunchStoryboardName__	BF9E1529-9B55-4C93-A7CA-A2E8A3B51C01@2x.ktx	com.apple.HealthENLauncher - {DEFAULT GROUP}	2.0	True		1	1	UIBackgroundStyleDefault	BF9E1529-9B55-4C93-A7CA-A2E8A3B51C01	{375, 667}	1	True	
2022-01-06 22:41:39.667960	com.apple.HealthENLauncher	com.apple.HealthENLauncher - {DEFAULT GROUP}	3			__from_UILaunchStoryboardName__	1AE85B49-B447-4DD2-9647-A7EB835321A5@2x.ktx	com.apple.HealthENLauncher - {DEFAULT GROUP}	2.0	True		4	1	UIBackgroundStyleDefault	1AE85B49-B447-4DD2-9647-A7EB835321A5	{375, 667}	1	True	
2022-01-06 22:41:39.724535	com.apple.HealthENBuddy	com.apple.HealthENBuddy - {DEFAULT GROUP}	0			__from_UILaunchStoryboardName__	285F0E18-1C61-43DA-947E-95993570AAB6@2x.ktx	com.apple.HealthENBuddy - {DEFAULT GROUP}	2.0	True		1	1	UIBackgroundStyleDefault	285F0E18-1C61-43DA-947E-95993570AAB6	{375, 667}	1	True	
2022-01-06 22:41:39.745173	com.apple.HealthENBuddy	com.apple.HealthENBuddy - {DEFAULT GROUP}	1			__from_UILaunchStoryboardName__	8F77AAD4-DA40-4DBC-96BC-30AB9FF822EA@2x.ktx	com.apple.HealthENBuddy - {DEFAULT GROUP}	2.0	True		1	1	UIBackgroundStyleDefault	8F77AAD4-DA40-4DBC-96BC-30AB9FF822EA	{375, 667}	1	True	
2022-01-06 22:41:39.809085	com.apple.AppStore	com.apple.AppStore - {DEFAULT GROUP}	0		2022-02-04 00:49:17.849038	__from_UILaunchStoryboardName__	9B649051-8761-4BE1-9454-FC4C37E8BC0F@2x.ktx	com.apple.AppStore - {DEFAULT GROUP}	2.0	True		1	1	UIBackgroundStyleDefault	9B649051-8761-4BE1-9454-FC4C37E8BC0F	{375, 667}	1	True	
2022-01-06 22:41:39.785363	com.apple.AppStore	com.apple.AppStore - {DEFAULT GROUP}	1			__from_UILaunchStoryboardName__	C5849ABB-0EA3-42AB-82F6-68744F50B34E@2x.ktx	com.apple.AppStore - {DEFAULT GROUP}	2.0	True		1	1	UIBackgroundStyleDefault	C5849ABB-0EA3-42AB-82F6-68744F50B34E	{375, 667}	1	True	
2022-01-06 22:41:47.885055	com.apple.mobiletimer	com.apple.mobiletimer - {DEFAULT GROUP}	0		2022-02-14 18:16:50.259845	__from_UILaunchStoryboardName__	B8BDBDA0-447A-443C-A1BE-65FC4CE9DAE3@2x.ktx	com.apple.mobiletimer - {DEFAULT GROUP}	2.0	True		1	1	UIBackgroundStyleDefault	B8BDBDA0-447A-443C-A1BE-65FC4CE9DAE3	{375, 667}	1	True	
2022-01-06 22:41:39.959528	com.apple.Health	com.apple.Health - {DEFAULT GROUP}	0			__from_UILaunchStoryboardName__	FA6CFAA9-43E9-4A38-825E-00FA610C87D1@2x.ktx	com.apple.Health - {DEFAULT GROUP}	2.0	True		1	1	UIBackgroundStyleDefault	FA6CFAA9-43E9-4A38-825E-00FA610C87D1	{375, 667}	1	True	
2022-01-06 22:41:39.999050	com.apple.Health	com.apple.Health - {DEFAULT GROUP}	1			__from_UILaunchStoryboardName__	A7115425-1961-4462-8155-4AB4EAF64436@2x.ktx	com.apple.Health - {DEFAULT GROUP}	2.0	True		4	1	UIBackgroundStyleDefault	A7115425-1961-4462-8155-4AB4EAF64436	{375, 667}	1	True	
2022-01-06 22:41:40.017152	com.apple.Health	com.apple.Health - {DEFAULT GROUP}	2			__from_UILaunchStoryboardName__	9E5696A1-420E-4DAE-A607-BD1C1A475019@2x.ktx	com.apple.Health - {DEFAULT GROUP}	2.0	True		4	1	UIBackgroundStyleDefault	9E5696A1-420E-4DAE-A607-BD1C1A475019	{375, 667}	1	True	
2022-01-06 22:41:39.978909	com.apple.Health	com.apple.Health - {DEFAULT GROUP}	3			__from_UILaunchStoryboardName__	12E47E34-C685-410A-9B96-4B8C90EEE124@2x.ktx	com.apple.Health - {DEFAULT GROUP}	2.0	True		1	1	UIBackgroundStyleDefault	12E47E34-C685-410A-9B96-4B8C90EEE124	{375, 667}	1	True	
2022-01-06 22:41:40.044305	com.apple.GameCenterRemoteAlert	com.apple.GameCenterRemoteAlert - {DEFAULT GROUP}	0			__from_UILaunchStoryboardName__	A46D4F47-006A-46E7-B7B2-EE790258F719@2x.ktx	com.apple.GameCenterRemoteAlert - {DEFAULT GROUP}	2.0	True		1	1	UIBackgroundStyleDefault	A46D4F47-006A-46E7-B7B2-EE790258F719	{375, 667}	1	True	
2022-01-06 22:41:40.065805	com.apple.GameCenterRemoteAlert	com.apple.GameCenterRemoteAlert - {DEFAULT GROUP}	1			__from_UILaunchStoryboardName__	81FEE499-5F5E-4BDC-BCDB-95503501D97A@2x.ktx	com.apple.GameCenterRemoteAlert - {DEFAULT GROUP}	2.0	True		1	1	UIBackgroundStyleDefault	81FEE499-5F5E-4BDC-BCDB-95503501D97A	{375, 667}	1	True	
2022-01-06 22:41:40.085120	com.apple.GameCenterRemoteAlert	com.apple.GameCenterRemoteAlert - {DEFAULT GROUP}	2			__from_UILaunchStoryboardName__	E0692783-2F78-418F-B563-27D093062892@2x.ktx	com.apple.GameCenterRemoteAlert - {DEFAULT GROUP}	2.0	True		4	1	UIBackgroundStyleDefault	E0692783-2F78-418F-B563-27D093062892	{375, 667}	1	True	
2022-01-06 22:41:40.107247	com.apple.GameCenterRemoteAlert	com.apple.GameCenterRemoteAlert - {DEFAULT GROUP}	3			__from_UILaunchStoryboardName__	B5B74D2E-8C03-45A9-BFEE-C27D7F5BCBFC@2x.ktx	com.apple.GameCenterRemoteAlert - {DEFAULT GROUP}	2.0	True		4	1	UIBackgroundStyleDefault	B5B74D2E-8C03-45A9-BFEE-C27D7F5BCBFC	{375, 667}	1	True	
2022-02-11 03:56:10.140012	com.apple.mobilephone	sceneID:com.apple.mobilephone-default	0				CB976C18-9566-4F53-A708-8818DF95A8AF@2x.ktx	sceneID:com.apple.mobilephone-default	2.0	True		1	1	UIBackgroundStyleDefault	CB976C18-9566-4F53-A708-8818DF95A8AF	{375, 667}	0	True	
2022-02-11 03:56:10.121446	com.apple.mobilephone	sceneID:com.apple.mobilephone-default	1				8385757E-ACA6-47BF-8679-D5C3F24642D4@2x.ktx	sceneID:com.apple.mobilephone-default	2.0	True		1	1	UIBackgroundStyleDefault	8385757E-ACA6-47BF-8679-D5C3F24642D4	{375, 667}	0	True	
2022-02-11 03:56:10.058207	com.apple.mobilephone	sceneID:com.apple.mobilephone-default	2				F75AF816-007C-4A3A-BF2D-DEC24AF38576@2x.ktx	sceneID:com.apple.mobilephone-default	2.0	True		1	1	UIBackgroundStyleDefault	F75AF816-007C-4A3A-BF2D-DEC24AF38576	{375, 667}	0	True	
2022-02-11 03:56:10.084064	com.apple.mobilephone	sceneID:com.apple.mobilephone-default	3				9B6627BA-063C-409C-B190-0E8C7D8327C1@2x.ktx	sceneID:com.apple.mobilephone-default	2.0	True		1	1	UIBackgroundStyleDefault	9B6627BA-063C-409C-B190-0E8C7D8327C1	{375, 667}	0	True	
2022-01-06 22:41:40.182083	com.apple.mobilephone	com.apple.mobilephone - {DEFAULT GROUP}	0		2022-02-11 03:55:32.201258	__from_UILaunchStoryboardName__	6A0E3956-2867-4A30-BD55-5249B9045A22@2x.ktx	com.apple.mobilephone - {DEFAULT GROUP}	2.0	True		1	1	UIBackgroundStyleDefault	6A0E3956-2867-4A30-BD55-5249B9045A22	{375, 667}	1	True	
2022-01-06 22:41:40.160564	com.apple.mobilephone	com.apple.mobilephone - {DEFAULT GROUP}	1			__from_UILaunchStoryboardName__	2C587F0A-BAEF-48C3-B881-333DD5E88857@2x.ktx	com.apple.mobilephone - {DEFAULT GROUP}	2.0	True		1	1	UIBackgroundStyleDefault	2C587F0A-BAEF-48C3-B881-333DD5E88857	{375, 667}	1	True	
2022-01-06 22:41:40.232896	com.apple.gamecenter.widgets	com.apple.gamecenter.widgets - {DEFAULT GROUP}	0			__from_UILaunchStoryboardName__	342D9FA6-F89A-47F3-BFAB-6BD02BDFE4BE@2x.ktx	com.apple.gamecenter.widgets - {DEFAULT GROUP}	2.0	True		1	1	UIBackgroundStyleDefault	342D9FA6-F89A-47F3-BFAB-6BD02BDFE4BE	{375, 667}	1	True	
2022-01-06 22:41:40.210550	com.apple.gamecenter.widgets	com.apple.gamecenter.widgets - {DEFAULT GROUP}	1			__from_UILaunchStoryboardName__	18821484-BC2D-49E5-9089-BBD03F2FF010@2x.ktx	com.apple.gamecenter.widgets - {DEFAULT GROUP}	2.0	True		1	1	UIBackgroundStyleDefault	18821484-BC2D-49E5-9089-BBD03F2FF010	{375, 667}	1	True	
2022-01-06 22:41:40.253707	com.apple.gamecenter.widgets	com.apple.gamecenter.widgets - {DEFAULT GROUP}	2			__from_UILaunchStoryboardName__	42FC5157-8513-413F-8C2A-0D8E04DA59AB@2x.ktx	com.apple.gamecenter.widgets - {DEFAULT GROUP}	2.0	True		4	1	UIBackgroundStyleDefault	42FC5157-8513-413F-8C2A-0D8E04DA59AB	{375, 667}	1	True	
2022-01-06 22:41:40.274662	com.apple.gamecenter.widgets	com.apple.gamecenter.widgets - {DEFAULT GROUP}	3			__from_UILaunchStoryboardName__	DA5C15A2-96F7-43C7-A8E1-49CD37309E79@2x.ktx	com.apple.gamecenter.widgets - {DEFAULT GROUP}	2.0	True		4	1	UIBackgroundStyleDefault	DA5C15A2-96F7-43C7-A8E1-49CD37309E79	{375, 667}	1	True	
2022-01-06 22:41:40.300976	com.apple.camera	com.apple.camera - {DEFAULT GROUP}	0			__from_UILaunchStoryboardName__	AD69BE0F-11A8-457E-B116-9BBE692A8AD4@2x.ktx	com.apple.camera - {DEFAULT GROUP}	2.0	True		1	1	UIBackgroundStyleDefault	AD69BE0F-11A8-457E-B116-9BBE692A8AD4	{375, 667}	1	True	
2022-01-06 22:41:40.320392	com.apple.camera	com.apple.camera - {DEFAULT GROUP}	1			__from_UILaunchStoryboardName__	89BBB811-244A-41CD-B59B-5E70EE611E6D@2x.ktx	com.apple.camera - {DEFAULT GROUP}	2.0	True		1	1	UIBackgroundStyleDefault	89BBB811-244A-41CD-B59B-5E70EE611E6D	{375, 667}	1	True	
2022-02-11 05:01:42.989006	com.apple.camera	sceneID:com.apple.camera-default	0				26C7791E-EDFB-4D62-8529-902265BB036A@2x.ktx	sceneID:com.apple.camera-default	2.0	True		1	1	UIBackgroundStyleDefault	26C7791E-EDFB-4D62-8529-902265BB036A	{375, 667}	0	True	
2022-02-11 05:01:42.959922	com.apple.camera	sceneID:com.apple.camera-default	1				CF12D510-E67C-4305-90AE-2D716C1B420A@2x.ktx	sceneID:com.apple.camera-default	2.0	True		1	1	UIBackgroundStyleDefault	CF12D510-E67C-4305-90AE-2D716C1B420A	{375, 667}	0	True	
2022-02-11 05:01:42.892363	com.apple.camera	sceneID:com.apple.camera-default	2				12172360-F59D-43CE-A0EA-6FAC5278E1A5@2x.ktx	sceneID:com.apple.camera-default	2.0	True		1	1	UIBackgroundStyleDefault	12172360-F59D-43CE-A0EA-6FAC5278E1A5	{375, 667}	0	True	
2022-02-11 05:01:43.030562	com.apple.camera	sceneID:com.apple.camera-default	3				B3206C08-9EDE-47CE-AB72-D34A11DE0828@2x.ktx	sceneID:com.apple.camera-default	2.0	True		1	1	UIBackgroundStyleDefault	B3206C08-9EDE-47CE-AB72-D34A11DE0828	{375, 667}	0	True	
2022-01-06 22:41:40.450017	com.apple.social.SLYahooAuth	com.apple.social.SLYahooAuth - {DEFAULT GROUP}	0			__from_UILaunchStoryboardName__	CE28F52A-07A2-4D51-8904-648E41056466@2x.ktx	com.apple.social.SLYahooAuth - {DEFAULT GROUP}	2.0	True		4	1	UIBackgroundStyleDefault	CE28F52A-07A2-4D51-8904-648E41056466	{375, 667}	1	True	
2022-01-06 22:41:40.423495	com.apple.social.SLYahooAuth	com.apple.social.SLYahooAuth - {DEFAULT GROUP}	1			__from_UILaunchStoryboardName__	6645C4D5-970B-420B-9181-A3FC3A45DFC8@2x.ktx	com.apple.social.SLYahooAuth - {DEFAULT GROUP}	2.0	True		4	1	UIBackgroundStyleDefault	6645C4D5-970B-420B-9181-A3FC3A45DFC8	{375, 667}	1	True	
2022-01-06 22:41:40.400890	com.apple.social.SLYahooAuth	com.apple.social.SLYahooAuth - {DEFAULT GROUP}	2			__from_UILaunchStoryboardName__	861C00CC-E38F-4ACA-8B5C-79815BA2D5F0@2x.ktx	com.apple.social.SLYahooAuth - {DEFAULT GROUP}	2.0	True		1	1	UIBackgroundStyleDefault	861C00CC-E38F-4ACA-8B5C-79815BA2D5F0	{375, 667}	1	True	
2022-01-06 22:41:40.378488	com.apple.social.SLYahooAuth	com.apple.social.SLYahooAuth - {DEFAULT GROUP}	3			__from_UILaunchStoryboardName__	756DB824-99B4-4A4E-858D-9C258BB5B237@2x.ktx	com.apple.social.SLYahooAuth - {DEFAULT GROUP}	2.0	True		1	1	UIBackgroundStyleDefault	756DB824-99B4-4A4E-858D-9C258BB5B237	{375, 667}	1	True	
2022-01-06 22:41:40.559700	com.apple.appleseed.FeedbackAssistant	com.apple.appleseed.FeedbackAssistant - {DEFAULT GROUP}	0			__from_UILaunchStoryboardName__	7D08D75D-32AB-4D5E-ACBD-5CED27623808@2x.ktx	com.apple.appleseed.FeedbackAssistant - {DEFAULT GROUP}	2.0	True		4	1	UIBackgroundStyleDefault	7D08D75D-32AB-4D5E-ACBD-5CED27623808	{375, 667}	1	True	
2022-01-06 22:41:40.514374	com.apple.appleseed.FeedbackAssistant	com.apple.appleseed.FeedbackAssistant - {DEFAULT GROUP}	1			__from_UILaunchStoryboardName__	5A4D203E-179D-4808-8B89-263AB750C85B@2x.ktx	com.apple.appleseed.FeedbackAssistant - {DEFAULT GROUP}	2.0	True		1	1	UIBackgroundStyleDefault	5A4D203E-179D-4808-8B89-263AB750C85B	{375, 667}	1	True	
2022-01-06 22:41:40.533671	com.apple.appleseed.FeedbackAssistant	com.apple.appleseed.FeedbackAssistant - {DEFAULT GROUP}	2			__from_UILaunchStoryboardName__	6898A592-A224-4957-8DB1-DB71776F2ED8@2x.ktx	com.apple.appleseed.FeedbackAssistant - {DEFAULT GROUP}	2.0	True		1	1	UIBackgroundStyleDefault	6898A592-A224-4957-8DB1-DB71776F2ED8	{375, 667}	1	True	
2022-01-06 22:41:40.581475	com.apple.appleseed.FeedbackAssistant	com.apple.appleseed.FeedbackAssistant - {DEFAULT GROUP}	3			__from_UILaunchStoryboardName__	D5E02136-A009-4052-84E0-DB600985DA79@2x.ktx	com.apple.appleseed.FeedbackAssistant - {DEFAULT GROUP}	2.0	True		4	1	UIBackgroundStyleDefault	D5E02136-A009-4052-84E0-DB600985DA79	{375, 667}	1	True	
2022-01-06 22:41:40.656552	com.apple.icq	com.apple.icq - {DEFAULT GROUP}	0			__from_UILaunchStoryboardName__	A3132236-A1A0-47D1-A15B-80317BAF37C2@2x.ktx	com.apple.icq - {DEFAULT GROUP}	2.0	True		4	1	UIBackgroundStyleDefault	A3132236-A1A0-47D1-A15B-80317BAF37C2	{375, 667}	1	True	
2022-01-06 22:41:40.615109	com.apple.icq	com.apple.icq - {DEFAULT GROUP}	1			__from_UILaunchStoryboardName__	A271EB80-C435-49BA-8202-7A6830678C94@2x.ktx	com.apple.icq - {DEFAULT GROUP}	2.0	True		1	1	UIBackgroundStyleDefault	A271EB80-C435-49BA-8202-7A6830678C94	{375, 667}	1	True	
2022-01-06 22:41:40.636536	com.apple.icq	com.apple.icq - {DEFAULT GROUP}	2			__from_UILaunchStoryboardName__	33DBFF44-00F8-4094-AB1A-BA9601574DEE@2x.ktx	com.apple.icq - {DEFAULT GROUP}	2.0	True		1	1	UIBackgroundStyleDefault	33DBFF44-00F8-4094-AB1A-BA9601574DEE	{375, 667}	1	True	
2022-01-06 22:41:40.677660	com.apple.icq	com.apple.icq - {DEFAULT GROUP}	3			__from_UILaunchStoryboardName__	4E65C2E7-7DC3-4F39-880F-5105BF9ACA15@2x.ktx	com.apple.icq - {DEFAULT GROUP}	2.0	True		4	1	UIBackgroundStyleDefault	4E65C2E7-7DC3-4F39-880F-5105BF9ACA15	{375, 667}	1	True	
2022-01-06 22:41:40.752275	com.apple.siri.parsec.HashtagImagesApp	com.apple.siri.parsec.HashtagImagesApp - {DEFAULT GROUP}	0			__from_UILaunchStoryboardName__	4637A432-6B2A-420B-BFFD-6E39175751AA@2x.ktx	com.apple.siri.parsec.HashtagImagesApp - {DEFAULT GROUP}	2.0	True		4	1	UIBackgroundStyleDefault	4637A432-6B2A-420B-BFFD-6E39175751AA	{375, 667}	1	True	
2022-01-06 22:41:40.707998	com.apple.siri.parsec.HashtagImagesApp	com.apple.siri.parsec.HashtagImagesApp - {DEFAULT GROUP}	1			__from_UILaunchStoryboardName__	8A1D123D-E989-4BA4-8CA9-E42A66ABD66E@2x.ktx	com.apple.siri.parsec.HashtagImagesApp - {DEFAULT GROUP}	2.0	True		1	1	UIBackgroundStyleDefault	8A1D123D-E989-4BA4-8CA9-E42A66ABD66E	{375, 667}	1	True	
2022-01-06 22:41:40.773855	com.apple.siri.parsec.HashtagImagesApp	com.apple.siri.parsec.HashtagImagesApp - {DEFAULT GROUP}	2			__from_UILaunchStoryboardName__	C4FAFDB3-5BA9-40E7-A070-CDAB75FEC5A5@2x.ktx	com.apple.siri.parsec.HashtagImagesApp - {DEFAULT GROUP}	2.0	True		4	1	UIBackgroundStyleDefault	C4FAFDB3-5BA9-40E7-A070-CDAB75FEC5A5	{375, 667}	1	True	
2022-01-06 22:41:40.729891	com.apple.siri.parsec.HashtagImagesApp	com.apple.siri.parsec.HashtagImagesApp - {DEFAULT GROUP}	3			__from_UILaunchStoryboardName__	2E016190-2CEF-406E-8917-24E3B9840A7A@2x.ktx	com.apple.siri.parsec.HashtagImagesApp - {DEFAULT GROUP}	2.0	True		1	1	UIBackgroundStyleDefault	2E016190-2CEF-406E-8917-24E3B9840A7A	{375, 667}	1	True	
2022-01-06 22:41:40.911381	com.apple.dt.XcodePreviews	com.apple.dt.XcodePreviews - {DEFAULT GROUP}	0			__from_UILaunchStoryboardName__	55A921C0-E452-46C8-A64C-63C3CC4BA2F4@2x.ktx	com.apple.dt.XcodePreviews - {DEFAULT GROUP}	2.0	True		1	1	UIBackgroundStyleDefault	55A921C0-E452-46C8-A64C-63C3CC4BA2F4	{375, 667}	1	True	
2022-01-06 22:41:40.984689	com.apple.dt.XcodePreviews	com.apple.dt.XcodePreviews - {DEFAULT GROUP}	1			__from_UILaunchStoryboardName__	EE59E7D2-A1DB-4BBF-AB59-19D4A250F6AE@2x.ktx	com.apple.dt.XcodePreviews - {DEFAULT GROUP}	2.0	True		4	1	UIBackgroundStyleDefault	EE59E7D2-A1DB-4BBF-AB59-19D4A250F6AE	{375, 667}	1	True	
2022-01-06 22:41:40.952078	com.apple.dt.XcodePreviews	com.apple.dt.XcodePreviews - {DEFAULT GROUP}	2			__from_UILaunchStoryboardName__	6969766F-0226-4A6F-B8C1-5B994D354CCD@2x.ktx	com.apple.dt.XcodePreviews - {DEFAULT GROUP}	2.0	True		1	1	UIBackgroundStyleDefault	6969766F-0226-4A6F-B8C1-5B994D354CCD	{375, 667}	1	True	
2022-01-06 22:41:41.014631	com.apple.dt.XcodePreviews	com.apple.dt.XcodePreviews - {DEFAULT GROUP}	3			__from_UILaunchStoryboardName__	90FA346F-6939-4EFE-A276-69F0405734A4@2x.ktx	com.apple.dt.XcodePreviews - {DEFAULT GROUP}	2.0	True		4	1	UIBackgroundStyleDefault	90FA346F-6939-4EFE-A276-69F0405734A4	{375, 667}	1	True	
2022-02-06 04:51:03.112346	com.apple.MobileSMS	sceneID:com.apple.MobileSMS-85921AEE-151A-490A-9AFB-3BC234262982	0				D7A636C8-1FEB-472F-8960-5AA38BB03AB5@2x.ktx	sceneID:com.apple.MobileSMS-85921AEE-151A-490A-9AFB-3BC234262982	2.0	True		1	1	UIBackgroundStyleDefault	D7A636C8-1FEB-472F-8960-5AA38BB03AB5	{375, 667}	0	True	
2022-02-06 04:51:03.150246	com.apple.MobileSMS	sceneID:com.apple.MobileSMS-85921AEE-151A-490A-9AFB-3BC234262982	1				97357860-8167-418D-A6EE-EE282997F575@2x.ktx	sceneID:com.apple.MobileSMS-85921AEE-151A-490A-9AFB-3BC234262982	2.0	True		1	1	UIBackgroundStyleDefault	97357860-8167-418D-A6EE-EE282997F575	{375, 667}	0	True	
2022-02-06 04:51:03.447133	com.apple.MobileSMS	sceneID:com.apple.MobileSMS-85921AEE-151A-490A-9AFB-3BC234262982	2				332DE75A-EDCC-4A53-9F34-928DE2D31FF3@2x.ktx	sceneID:com.apple.MobileSMS-85921AEE-151A-490A-9AFB-3BC234262982	2.0	True		1	1	UIBackgroundStyleDefault	332DE75A-EDCC-4A53-9F34-928DE2D31FF3	{375, 667}	0	True	
2022-02-06 04:51:03.483680	com.apple.MobileSMS	sceneID:com.apple.MobileSMS-85921AEE-151A-490A-9AFB-3BC234262982	3				02F3E8DE-0FA4-4358-8301-98794CBCB6EE@2x.ktx	sceneID:com.apple.MobileSMS-85921AEE-151A-490A-9AFB-3BC234262982	2.0	True		1	1	UIBackgroundStyleDefault	02F3E8DE-0FA4-4358-8301-98794CBCB6EE	{375, 667}	0	True	
2022-01-06 22:41:41.133716	com.apple.MobileSMS	com.apple.MobileSMS - {DEFAULT GROUP}	0			__from_UILaunchStoryboardName__	C7DF5A1E-D857-42CA-85FE-1040E4E37D0D@2x.ktx	com.apple.MobileSMS - {DEFAULT GROUP}	2.0	True		4	1	UIBackgroundStyleDefault	C7DF5A1E-D857-42CA-85FE-1040E4E37D0D	{375, 667}	1	True	
2022-01-06 22:41:41.084552	com.apple.MobileSMS	com.apple.MobileSMS - {DEFAULT GROUP}	1			__from_UILaunchStoryboardName__	887543BE-5805-4CF4-A7D0-D2AC7BB8DA22@2x.ktx	com.apple.MobileSMS - {DEFAULT GROUP}	2.0	True		1	1	UIBackgroundStyleDefault	887543BE-5805-4CF4-A7D0-D2AC7BB8DA22	{375, 667}	1	True	
2022-01-06 22:41:41.161095	com.apple.MobileSMS	com.apple.MobileSMS - {DEFAULT GROUP}	2			__from_UILaunchStoryboardName__	E574D67E-FCE0-429A-8C37-93B08F02B24D@2x.ktx	com.apple.MobileSMS - {DEFAULT GROUP}	2.0	True		4	1	UIBackgroundStyleDefault	E574D67E-FCE0-429A-8C37-93B08F02B24D	{375, 667}	1	True	
2022-01-06 22:41:41.108485	com.apple.MobileSMS	com.apple.MobileSMS - {DEFAULT GROUP}	3		2022-02-06 04:50:54.267166	__from_UILaunchStoryboardName__	C563D524-E090-4F35-98E7-39E3E4E1A109@2x.ktx	com.apple.MobileSMS - {DEFAULT GROUP}	2.0	True		1	1	UIBackgroundStyleDefault	C563D524-E090-4F35-98E7-39E3E4E1A109	{375, 667}	1	True	
2022-01-21 21:25:51.029593	com.apple.Passbook	sceneID:com.apple.Passbook-default	0				4D76B5CF-15BF-4008-8F4E-96FD56B22D88@2x.ktx	sceneID:com.apple.Passbook-default	2.0	True		1	1	UIBackgroundStyleDefault	4D76B5CF-15BF-4008-8F4E-96FD56B22D88	{375, 667}	0	True	
2022-01-21 21:25:50.990063	com.apple.Passbook	sceneID:com.apple.Passbook-default	1				096AC6BF-5CF2-4D7D-9CF9-BDD78CB10022@2x.ktx	sceneID:com.apple.Passbook-default	2.0	True		1	1	UIBackgroundStyleDefault	096AC6BF-5CF2-4D7D-9CF9-BDD78CB10022	{375, 667}	0	True	
2022-01-06 22:41:41.192250	com.apple.Passbook	com.apple.Passbook - {DEFAULT GROUP}	0			__from_UILaunchStoryboardName__	A66B0DED-CEF3-41BF-B200-37D6B176E22C@2x.ktx	com.apple.Passbook - {DEFAULT GROUP}	2.0	True		1	1	UIBackgroundStyleDefault	A66B0DED-CEF3-41BF-B200-37D6B176E22C	{375, 667}	1	True	
2022-01-06 22:41:41.210621	com.apple.Passbook	com.apple.Passbook - {DEFAULT GROUP}	1			__from_UILaunchStoryboardName__	FD979E74-0F68-4771-9B4E-8ED17FA7E35C@2x.ktx	com.apple.Passbook - {DEFAULT GROUP}	2.0	True		1	1	UIBackgroundStyleDefault	FD979E74-0F68-4771-9B4E-8ED17FA7E35C	{375, 667}	1	True	
2022-01-06 22:41:41.281395	com.apple.smsFilter	com.apple.smsFilter - {DEFAULT GROUP}	0			__from_UILaunchStoryboardName__	2EB8A9B9-DA4C-46B1-BF15-821A6675ADE8@2x.ktx	com.apple.smsFilter - {DEFAULT GROUP}	2.0	True		4	1	UIBackgroundStyleDefault	2EB8A9B9-DA4C-46B1-BF15-821A6675ADE8	{375, 667}	1	True	
2022-01-06 22:41:41.261239	com.apple.smsFilter	com.apple.smsFilter - {DEFAULT GROUP}	1			__from_UILaunchStoryboardName__	A9090B68-7E82-4636-BE14-DB5FDBE296EA@2x.ktx	com.apple.smsFilter - {DEFAULT GROUP}	2.0	True		1	1	UIBackgroundStyleDefault	A9090B68-7E82-4636-BE14-DB5FDBE296EA	{375, 667}	1	True	
2022-01-06 22:41:41.303068	com.apple.smsFilter	com.apple.smsFilter - {DEFAULT GROUP}	2			__from_UILaunchStoryboardName__	54280614-AD93-4242-8BA4-39DA04931259@2x.ktx	com.apple.smsFilter - {DEFAULT GROUP}	2.0	True		4	1	UIBackgroundStyleDefault	54280614-AD93-4242-8BA4-39DA04931259	{375, 667}	1	True	
2022-01-06 22:41:41.238414	com.apple.smsFilter	com.apple.smsFilter - {DEFAULT GROUP}	3			__from_UILaunchStoryboardName__	C5F62433-C59E-4A5E-82EC-6FC9EF2A95F8@2x.ktx	com.apple.smsFilter - {DEFAULT GROUP}	2.0	True		1	1	UIBackgroundStyleDefault	C5F62433-C59E-4A5E-82EC-6FC9EF2A95F8	{375, 667}	1	True	
2022-01-06 22:41:41.375757	com.apple.Home.HomeUIService	com.apple.Home.HomeUIService - {DEFAULT GROUP}	0			__from_UILaunchStoryboardName__	DE2C5212-FE06-4320-9E66-964C9DBA1D94@2x.ktx	com.apple.Home.HomeUIService - {DEFAULT GROUP}	2.0	True		4	1	UIBackgroundStyleDefault	DE2C5212-FE06-4320-9E66-964C9DBA1D94	{375, 667}	1	True	
2022-01-06 22:41:41.397154	com.apple.Home.HomeUIService	com.apple.Home.HomeUIService - {DEFAULT GROUP}	1			__from_UILaunchStoryboardName__	2727B613-21B3-4FB3-90ED-B40E0A3CD0E5@2x.ktx	com.apple.Home.HomeUIService - {DEFAULT GROUP}	2.0	True		4	1	UIBackgroundStyleDefault	2727B613-21B3-4FB3-90ED-B40E0A3CD0E5	{375, 667}	1	True	
2022-01-06 22:41:41.352818	com.apple.Home.HomeUIService	com.apple.Home.HomeUIService - {DEFAULT GROUP}	2			__from_UILaunchStoryboardName__	01221765-EF83-4B20-A6D8-65F14CD5FA8C@2x.ktx	com.apple.Home.HomeUIService - {DEFAULT GROUP}	2.0	True		1	1	UIBackgroundStyleDefault	01221765-EF83-4B20-A6D8-65F14CD5FA8C	{375, 667}	1	True	
2022-01-06 22:41:41.331489	com.apple.Home.HomeUIService	com.apple.Home.HomeUIService - {DEFAULT GROUP}	3			__from_UILaunchStoryboardName__	33001AB5-7EF3-4ADE-99F5-62C185ECA4A8@2x.ktx	com.apple.Home.HomeUIService - {DEFAULT GROUP}	2.0	True		1	1	UIBackgroundStyleDefault	33001AB5-7EF3-4ADE-99F5-62C185ECA4A8	{375, 667}	1	True	
2022-01-06 22:41:41.449874	com.apple.Animoji.StickersApp	com.apple.Animoji.StickersApp - {DEFAULT GROUP}	0			__from_UILaunchStoryboardName__	11B13F2C-8843-4841-A4F8-D4F715E2F554@2x.ktx	com.apple.Animoji.StickersApp - {DEFAULT GROUP}	2.0	True		1	1	UIBackgroundStyleDefault	11B13F2C-8843-4841-A4F8-D4F715E2F554	{375, 667}	1	True	
2022-01-06 22:41:41.472744	com.apple.Animoji.StickersApp	com.apple.Animoji.StickersApp - {DEFAULT GROUP}	1			__from_UILaunchStoryboardName__	F2CF939C-DCE9-446A-B9AF-48AA2547F6FF@2x.ktx	com.apple.Animoji.StickersApp - {DEFAULT GROUP}	2.0	True		4	1	UIBackgroundStyleDefault	F2CF939C-DCE9-446A-B9AF-48AA2547F6FF	{375, 667}	1	True	
2022-01-06 22:41:41.427780	com.apple.Animoji.StickersApp	com.apple.Animoji.StickersApp - {DEFAULT GROUP}	2			__from_UILaunchStoryboardName__	9FF3EC0F-AC7C-4A20-97FE-1C0E4F5A09DF@2x.ktx	com.apple.Animoji.StickersApp - {DEFAULT GROUP}	2.0	True		1	1	UIBackgroundStyleDefault	9FF3EC0F-AC7C-4A20-97FE-1C0E4F5A09DF	{375, 667}	1	True	
2022-01-06 22:41:41.496346	com.apple.Animoji.StickersApp	com.apple.Animoji.StickersApp - {DEFAULT GROUP}	3			__from_UILaunchStoryboardName__	C05403CA-9116-4E61-8F0A-B8CEDE1F3A22@2x.ktx	com.apple.Animoji.StickersApp - {DEFAULT GROUP}	2.0	True		4	1	UIBackgroundStyleDefault	C05403CA-9116-4E61-8F0A-B8CEDE1F3A22	{375, 667}	1	True	
2022-01-06 22:41:44.271173	com.apple.fieldtest	com.apple.fieldtest - {DEFAULT GROUP}	0				Default@2x.png	com.apple.fieldtest - {DEFAULT GROUP}	2.0	True		1	3	UIBackgroundStyleDefault	D844D46D-2740-4DF8-A589-1CD82DAF3CF7	{320, 460}	2	True	
2022-01-06 22:41:44.276749	com.apple.DemoApp	com.apple.DemoApp - {DEFAULT GROUP}	0				LaunchImage-800-667h@2x.png	com.apple.DemoApp - {DEFAULT GROUP}	2.0	True		1	3	UIBackgroundStyleDefault	FCA4D445-AA90-44CC-A8D2-28B8CCFA1D12	{375, 667}	2	True	8.0
2022-01-06 22:41:44.277041	com.apple.DemoApp	com.apple.DemoApp - {DEFAULT GROUP}	1				LaunchImage-700-568h@2x.png	com.apple.DemoApp - {DEFAULT GROUP}	2.0	True		1	3	UIBackgroundStyleDefault	C3BFA002-1131-422F-B4A7-13FF38B43AD2	{320, 568}	2	True	7.0
2022-01-06 22:41:44.276907	com.apple.DemoApp	com.apple.DemoApp - {DEFAULT GROUP}	2				LaunchImage-700@2x.png	com.apple.DemoApp - {DEFAULT GROUP}	2.0	True		1	3	UIBackgroundStyleDefault	A5D1AC5D-E685-4D60-A04C-7CF07B2B3C7A	{320, 480}	2	True	7.0
2022-01-06 22:41:44.284465	com.apple.AccountAuthenticationDialog	com.apple.AccountAuthenticationDialog - {DEFAULT GROUP}	0				Default-568h@2x.png	com.apple.AccountAuthenticationDialog - {DEFAULT GROUP}	2.0	True		1	3	UIBackgroundStyleDefault	47E54E9E-676C-40C7-A1A3-64D36179CE32	{320, 568}	2	True	
2022-01-06 22:41:44.285506	com.apple.TrustMe	com.apple.TrustMe - {DEFAULT GROUP}	0				Default-568h@2x.png	com.apple.TrustMe - {DEFAULT GROUP}	2.0	True		1	3	UIBackgroundStyleDefault	97E90864-435D-427E-96C9-5A232B0F9A2F	{320, 568}	2	True	
2022-01-06 22:41:44.295757	com.apple.InCallService	com.apple.InCallService - {DEFAULT GROUP}	0				LaunchImage-700-568h@2x.png	com.apple.InCallService - {DEFAULT GROUP}	2.0	True		1	3	UIBackgroundStyleTransparent	E415176E-FE80-4F57-8FD6-385113061B42	{320, 568}	2	False	7.0
2022-01-06 22:41:44.313210	com.apple.ios.StoreKitUIService	com.apple.ios.StoreKitUIService - {DEFAULT GROUP}	0				Default-568h@2x~iphone.png	com.apple.ios.StoreKitUIService - {DEFAULT GROUP}	2.0	True		1	3	UIBackgroundStyleDefault	C5D9E9D9-1F2D-48A2-BA58-858D53AAC4B7	{320, 568}	2	True	
2022-01-06 22:41:44.325531	com.apple.PrintKit.Print-Center	com.apple.PrintKit.Print-Center - {DEFAULT GROUP}	0				LaunchImages-700@2x.png	com.apple.PrintKit.Print-Center - {DEFAULT GROUP}	2.0	True		1	3	UIBackgroundStyleDefault	F84A8D44-EDE6-48E8-A2F4-EE9002998A23	{320, 480}	2	True	7.0
2022-01-06 22:41:44.325712	com.apple.PrintKit.Print-Center	com.apple.PrintKit.Print-Center - {DEFAULT GROUP}	1				LaunchImages-700-568h@2x.png	com.apple.PrintKit.Print-Center - {DEFAULT GROUP}	2.0	True		1	3	UIBackgroundStyleDefault	11D73FE0-00E1-48DD-A825-0F65B21417AA	{320, 568}	2	True	7.0
2022-01-10 17:28:30.048652	com.apple.Magnifier	com.apple.Magnifier - {DEFAULT GROUP}	0			__from_UILaunchStoryboardName__	5B9EC4CD-9929-485C-B399-7C1935D24786@2x.ktx	com.apple.Magnifier - {DEFAULT GROUP}	2.0	True		4	1	UIBackgroundStyleDefault	5B9EC4CD-9929-485C-B399-7C1935D24786	{375, 667}	1	True	
2022-01-10 17:28:30.010716	com.apple.Magnifier	com.apple.Magnifier - {DEFAULT GROUP}	1			__from_UILaunchStoryboardName__	2CCD3254-22DD-45B5-B709-28BE5CF8587C@2x.ktx	com.apple.Magnifier - {DEFAULT GROUP}	2.0	True		1	1	UIBackgroundStyleDefault	2CCD3254-22DD-45B5-B709-28BE5CF8587C	{375, 667}	1	True	
2022-01-10 17:28:30.774379	com.apple.shortcuts	com.apple.shortcuts - {DEFAULT GROUP}	0			__from_UILaunchStoryboardName__	0BB10CDC-BF4C-46EA-8DD2-5EB097F7FC1D@2x.ktx	com.apple.shortcuts - {DEFAULT GROUP}	2.0	True		1	1	UIBackgroundStyleDefault	0BB10CDC-BF4C-46EA-8DD2-5EB097F7FC1D	{375, 667}	1	True	
2022-01-10 17:28:30.802839	com.apple.shortcuts	com.apple.shortcuts - {DEFAULT GROUP}	1			__from_UILaunchStoryboardName__	53430C48-D874-4521-A031-E83C6089BE04@2x.ktx	com.apple.shortcuts - {DEFAULT GROUP}	2.0	True		1	1	UIBackgroundStyleDefault	53430C48-D874-4521-A031-E83C6089BE04	{375, 667}	1	True	
2022-01-10 17:28:31.490053	com.apple.MobileAddressBook	com.apple.MobileAddressBook - {DEFAULT GROUP}	0			__from_UILaunchStoryboardName__	25F25ADA-8B05-41AA-AF74-23FF9A230B60@2x.ktx	com.apple.MobileAddressBook - {DEFAULT GROUP}	2.0	True		1	1	UIBackgroundStyleDefault	25F25ADA-8B05-41AA-AF74-23FF9A230B60	{375, 667}	1	True	
2022-01-10 17:28:31.520105	com.apple.MobileAddressBook	com.apple.MobileAddressBook - {DEFAULT GROUP}	1			__from_UILaunchStoryboardName__	C2D9EA8E-E708-4DBE-9098-0F77796723EE@2x.ktx	com.apple.MobileAddressBook - {DEFAULT GROUP}	2.0	True		4	1	UIBackgroundStyleDefault	C2D9EA8E-E708-4DBE-9098-0F77796723EE	{375, 667}	1	True	
2022-01-10 17:28:31.452940	com.apple.MobileAddressBook	com.apple.MobileAddressBook - {DEFAULT GROUP}	2			__from_UILaunchStoryboardName__	19457BF9-E460-4F26-B0D5-12B29B4D393E@2x.ktx	com.apple.MobileAddressBook - {DEFAULT GROUP}	2.0	True		1	1	UIBackgroundStyleDefault	19457BF9-E460-4F26-B0D5-12B29B4D393E	{375, 667}	1	True	
2022-01-10 17:28:31.549573	com.apple.MobileAddressBook	com.apple.MobileAddressBook - {DEFAULT GROUP}	3			__from_UILaunchStoryboardName__	70EAD61D-383F-4546-BDBC-9B980BE6914E@2x.ktx	com.apple.MobileAddressBook - {DEFAULT GROUP}	2.0	True		4	1	UIBackgroundStyleDefault	70EAD61D-383F-4546-BDBC-9B980BE6914E	{375, 667}	1	True	
2022-01-10 17:28:33.281259	com.apple.calculator	com.apple.calculator - {DEFAULT GROUP}	0				LaunchImage-700-568h@2x.png	com.apple.calculator - {DEFAULT GROUP}	2.0	True		1	3	UIBackgroundStyleDefault	26E35BAF-862C-42BA-BAF2-635B152DB62D	{320, 568}	2	True	7.0
2022-01-10 17:28:33.279083	com.apple.calculator	com.apple.calculator - {DEFAULT GROUP}	1				LaunchImage-1200-Landscape-1792h@2x.png	com.apple.calculator - {DEFAULT GROUP}	2.0	True		4	3	UIBackgroundStyleDefault	5C938482-270D-4D71-A966-39849D34DBD3	{414, 896}	2	True	12.0
2022-01-10 17:28:33.280796	com.apple.calculator	com.apple.calculator - {DEFAULT GROUP}	2				LaunchImage-800-667h@2x.png	com.apple.calculator - {DEFAULT GROUP}	2.0	True		1	3	UIBackgroundStyleDefault	715503E7-3B58-42EC-90B3-8D7373D50237	{375, 667}	2	True	8.0
2022-01-10 17:28:33.278614	com.apple.calculator	com.apple.calculator - {DEFAULT GROUP}	3				LaunchImage-1200-Portrait-1792h@2x.png	com.apple.calculator - {DEFAULT GROUP}	2.0	True		1	3	UIBackgroundStyleDefault	0C2DCAE6-2EC6-45FD-A466-5EB2E602D75A	{414, 896}	2	True	12.0
2022-01-10 17:28:34.760058	com.apple.mobilemail	com.apple.mobilemail - {DEFAULT GROUP}	0			defaultStoryboard	93B96708-FC17-467C-AE6D-C46C0774B424@2x.ktx	com.apple.mobilemail - {DEFAULT GROUP}	2.0	True		4	1	UIBackgroundStyleDefault	93B96708-FC17-467C-AE6D-C46C0774B424	{375, 667}	1	True	
2022-01-10 17:28:34.682311	com.apple.mobilemail	com.apple.mobilemail - {DEFAULT GROUP}	1			defaultStoryboard	93003E35-8E85-4813-9420-08B942329410@2x.ktx	com.apple.mobilemail - {DEFAULT GROUP}	2.0	True		1	1	UIBackgroundStyleDefault	93003E35-8E85-4813-9420-08B942329410	{375, 667}	1	True	
2022-01-10 17:28:34.731353	com.apple.mobilemail	com.apple.mobilemail - {DEFAULT GROUP}	2			defaultStoryboard	23B76E95-E504-4555-A82F-5E02F460B986@2x.ktx	com.apple.mobilemail - {DEFAULT GROUP}	2.0	True		4	1	UIBackgroundStyleDefault	23B76E95-E504-4555-A82F-5E02F460B986	{375, 667}	1	True	
2022-01-10 17:28:34.648843	com.apple.mobilemail	com.apple.mobilemail - {DEFAULT GROUP}	3			defaultStoryboard	EA7D39A2-9585-4B9F-9413-233139ED7AED@2x.ktx	com.apple.mobilemail - {DEFAULT GROUP}	2.0	True		1	1	UIBackgroundStyleDefault	EA7D39A2-9585-4B9F-9413-233139ED7AED	{375, 667}	1	True	
2022-01-10 17:28:40.442223	com.apple.news	com.apple.news - {DEFAULT GROUP}	0			__from_UILaunchStoryboardName__	16DE8BB2-B4AC-42CD-95E9-520E9E457EC3@2x.ktx	com.apple.news - {DEFAULT GROUP}	2.0	True		1	1	UIBackgroundStyleDefault	16DE8BB2-B4AC-42CD-95E9-520E9E457EC3	{375, 667}	1	True	
2022-01-10 17:28:40.468515	com.apple.news	com.apple.news - {DEFAULT GROUP}	1			__from_UILaunchStoryboardName__	4C320382-BCE0-4C8B-B1AE-E3BF15008884@2x.ktx	com.apple.news - {DEFAULT GROUP}	2.0	True		1	1	UIBackgroundStyleDefault	4C320382-BCE0-4C8B-B1AE-E3BF15008884	{375, 667}	1	True	
2022-01-10 17:28:43.096709	com.apple.facetime	com.apple.facetime - {DEFAULT GROUP}	0			__from_UILaunchStoryboardName__	3DF7CF83-F2FA-40DC-8A35-3E9EAF31508D@2x.ktx	com.apple.facetime - {DEFAULT GROUP}	2.0	True		1	1	UIBackgroundStyleDefault	3DF7CF83-F2FA-40DC-8A35-3E9EAF31508D	{375, 667}	1	True	
2022-01-10 17:28:43.132489	com.apple.facetime	com.apple.facetime - {DEFAULT GROUP}	1			__from_UILaunchStoryboardName__	E992762D-6161-4007-A29A-552CC43A17A4@2x.ktx	com.apple.facetime - {DEFAULT GROUP}	2.0	True		1	1	UIBackgroundStyleDefault	E992762D-6161-4007-A29A-552CC43A17A4	{375, 667}	1	True	
2022-01-10 17:28:45.996229	com.apple.mobilenotes	com.apple.mobilenotes - {DEFAULT GROUP}	0			defaultStoryboard	DE93A29E-F600-4755-9802-1712FF911A25@2x.ktx	com.apple.mobilenotes - {DEFAULT GROUP}	2.0	True		4	1	UIBackgroundStyleDefault	DE93A29E-F600-4755-9802-1712FF911A25	{375, 667}	1	True	
2022-01-10 17:28:45.974137	com.apple.mobilenotes	com.apple.mobilenotes - {DEFAULT GROUP}	1		2022-02-06 21:04:34.986256	defaultStoryboard	6C8C2DD7-C250-4068-A602-EC7D667321D6@2x.ktx	com.apple.mobilenotes - {DEFAULT GROUP}	2.0	True		1	1	UIBackgroundStyleDefault	6C8C2DD7-C250-4068-A602-EC7D667321D6	{375, 667}	1	True	
2022-01-10 17:28:45.951887	com.apple.mobilenotes	com.apple.mobilenotes - {DEFAULT GROUP}	2			defaultStoryboard	E22FDE22-67F4-471B-A0B2-376AA4F94DE8@2x.ktx	com.apple.mobilenotes - {DEFAULT GROUP}	2.0	True		1	1	UIBackgroundStyleDefault	E22FDE22-67F4-471B-A0B2-376AA4F94DE8	{375, 667}	1	True	
2022-01-10 17:28:46.018201	com.apple.mobilenotes	com.apple.mobilenotes - {DEFAULT GROUP}	3		2022-02-06 20:53:51.805039	defaultStoryboard	4AAE37BC-C916-4BFC-A2F1-A668F30D1F39@2x.ktx	com.apple.mobilenotes - {DEFAULT GROUP}	2.0	True		4	1	UIBackgroundStyleDefault	4AAE37BC-C916-4BFC-A2F1-A668F30D1F39	{375, 667}	1	True	
2022-02-06 21:21:06.954691	com.apple.mobilenotes	sceneID:com.apple.mobilenotes-7824528E-7BD1-4004-9396-0518856F8FE4	0				E210A2A4-2028-41E6-B565-2AEA3DA7777B@2x.ktx	sceneID:com.apple.mobilenotes-7824528E-7BD1-4004-9396-0518856F8FE4	2.0	True		1	1	UIBackgroundStyleDefault	E210A2A4-2028-41E6-B565-2AEA3DA7777B	{375, 667}	0	True	
2022-02-06 21:21:07.063341	com.apple.mobilenotes	sceneID:com.apple.mobilenotes-7824528E-7BD1-4004-9396-0518856F8FE4	1				652DB8B5-AAC7-40F7-B573-1122B4700276@2x.ktx	sceneID:com.apple.mobilenotes-7824528E-7BD1-4004-9396-0518856F8FE4	2.0	True		1	1	UIBackgroundStyleDefault	652DB8B5-AAC7-40F7-B573-1122B4700276	{375, 667}	0	True	
2022-02-06 21:21:07.086605	com.apple.mobilenotes	sceneID:com.apple.mobilenotes-7824528E-7BD1-4004-9396-0518856F8FE4	2				5FD04B1A-A45B-4BCF-A367-CCC9B7A715E6@2x.ktx	sceneID:com.apple.mobilenotes-7824528E-7BD1-4004-9396-0518856F8FE4	2.0	True		1	1	UIBackgroundStyleDefault	5FD04B1A-A45B-4BCF-A367-CCC9B7A715E6	{375, 667}	0	True	
2022-02-06 21:21:06.983181	com.apple.mobilenotes	sceneID:com.apple.mobilenotes-7824528E-7BD1-4004-9396-0518856F8FE4	3				A3365ADD-EBBA-40D9-9ECA-22E3AEED2666@2x.ktx	sceneID:com.apple.mobilenotes-7824528E-7BD1-4004-9396-0518856F8FE4	2.0	True		1	1	UIBackgroundStyleDefault	A3365ADD-EBBA-40D9-9ECA-22E3AEED2666	{375, 667}	0	True	
2022-01-10 17:29:07.441950	com.apple.reminders	com.apple.reminders - {DEFAULT GROUP}	0			__from_UILaunchStoryboardName__	7DC7D0CE-942B-496F-A056-037C0FFB6093@2x.ktx	com.apple.reminders - {DEFAULT GROUP}	2.0	True		1	1	UIBackgroundStyleDefault	7DC7D0CE-942B-496F-A056-037C0FFB6093	{375, 667}	1	True	
2022-01-10 17:29:07.470860	com.apple.reminders	com.apple.reminders - {DEFAULT GROUP}	1			__from_UILaunchStoryboardName__	2097882F-6E65-48F2-AE16-C5FCBD77EA8B@2x.ktx	com.apple.reminders - {DEFAULT GROUP}	2.0	True		1	1	UIBackgroundStyleDefault	2097882F-6E65-48F2-AE16-C5FCBD77EA8B	{375, 667}	1	True	
2022-01-10 17:29:21.123819	com.apple.Home	com.apple.Home - {DEFAULT GROUP}	0			__from_UILaunchStoryboardName__	422F7F3D-47C1-4265-9AFE-D6F3E03E24AD@2x.ktx	com.apple.Home - {DEFAULT GROUP}	2.0	True		1	1	UIBackgroundStyleDefault	422F7F3D-47C1-4265-9AFE-D6F3E03E24AD	{375, 667}	1	True	
2022-01-10 17:29:21.152040	com.apple.Home	com.apple.Home - {DEFAULT GROUP}	1			__from_UILaunchStoryboardName__	E138C020-C242-47A9-ADDA-49F8A7C53B36@2x.ktx	com.apple.Home - {DEFAULT GROUP}	2.0	True		1	1	UIBackgroundStyleDefault	E138C020-C242-47A9-ADDA-49F8A7C53B36	{375, 667}	1	True	
2022-01-10 17:29:34.174226	com.apple.tips	com.apple.tips - {DEFAULT GROUP}	0			__from_UILaunchStoryboardName__	E43B3763-1FD4-465C-A8EC-9FE104FC82ED@2x.ktx	com.apple.tips - {DEFAULT GROUP}	2.0	True		1	1	UIBackgroundStyleDefault	E43B3763-1FD4-465C-A8EC-9FE104FC82ED	{375, 667}	1	True	
2022-01-10 17:29:34.139843	com.apple.tips	com.apple.tips - {DEFAULT GROUP}	1			__from_UILaunchStoryboardName__	873C7B50-BD7B-42EA-858C-E8D562483448@2x.ktx	com.apple.tips - {DEFAULT GROUP}	2.0	True		1	1	UIBackgroundStyleDefault	873C7B50-BD7B-42EA-858C-E8D562483448	{375, 667}	1	True	
2022-01-10 17:29:35.800490	com.apple.Maps	com.apple.Maps - {DEFAULT GROUP}	0		2022-01-21 19:56:46.084846	__from_UILaunchStoryboardName__	F14BB69F-45F9-4904-AD75-771C21FE8F69@2x.ktx	com.apple.Maps - {DEFAULT GROUP}	2.0	True		4	1	UIBackgroundStyleDefault	F14BB69F-45F9-4904-AD75-771C21FE8F69	{375, 667}	1	True	
2022-01-10 17:29:35.779979	com.apple.Maps	com.apple.Maps - {DEFAULT GROUP}	1			__from_UILaunchStoryboardName__	D6EBB242-AE62-4BCA-B6A5-4A2D4296B586@2x.ktx	com.apple.Maps - {DEFAULT GROUP}	2.0	True		4	1	UIBackgroundStyleDefault	D6EBB242-AE62-4BCA-B6A5-4A2D4296B586	{375, 667}	1	True	
2022-01-10 17:29:35.735451	com.apple.Maps	com.apple.Maps - {DEFAULT GROUP}	2		2022-01-15 14:11:21.360337	__from_UILaunchStoryboardName__	FE96763F-672F-4BFD-AB7F-61D6B94F7C30@2x.ktx	com.apple.Maps - {DEFAULT GROUP}	2.0	True		1	1	UIBackgroundStyleDefault	FE96763F-672F-4BFD-AB7F-61D6B94F7C30	{375, 667}	1	True	
2022-01-10 17:29:35.755694	com.apple.Maps	com.apple.Maps - {DEFAULT GROUP}	3		2022-01-15 14:11:21.398974	__from_UILaunchStoryboardName__	51FA628F-B140-446D-83C3-AFA8A6E5C8FD@2x.ktx	com.apple.Maps - {DEFAULT GROUP}	2.0	True		1	1	UIBackgroundStyleDefault	51FA628F-B140-446D-83C3-AFA8A6E5C8FD	{375, 667}	1	True	
2022-01-21 20:15:06.494404	com.apple.Maps	sceneID:com.apple.Maps-F34135F8-ECEF-4D50-8448-F1F80D0D3E18	0				2228998D-0F2E-4961-B650-1DCDF5F4E621@2x.ktx	sceneID:com.apple.Maps-F34135F8-ECEF-4D50-8448-F1F80D0D3E18	2.0	True		1	1	UIBackgroundStyleDefault	2228998D-0F2E-4961-B650-1DCDF5F4E621	{375, 667}	0	True	
2022-01-21 20:15:06.534201	com.apple.Maps	sceneID:com.apple.Maps-F34135F8-ECEF-4D50-8448-F1F80D0D3E18	1				DF4C6389-E3EF-4ECD-AE88-A5377757966A@2x.ktx	sceneID:com.apple.Maps-F34135F8-ECEF-4D50-8448-F1F80D0D3E18	2.0	True		1	1	UIBackgroundStyleDefault	DF4C6389-E3EF-4ECD-AE88-A5377757966A	{375, 667}	0	True	
2022-01-21 20:15:06.464169	com.apple.Maps	sceneID:com.apple.Maps-F34135F8-ECEF-4D50-8448-F1F80D0D3E18	2				ACC30877-E810-4BF0-B007-E4C508F186A2@2x.ktx	sceneID:com.apple.Maps-F34135F8-ECEF-4D50-8448-F1F80D0D3E18	2.0	True		1	1	UIBackgroundStyleDefault	ACC30877-E810-4BF0-B007-E4C508F186A2	{375, 667}	0	True	
2022-01-21 20:15:06.563525	com.apple.Maps	sceneID:com.apple.Maps-F34135F8-ECEF-4D50-8448-F1F80D0D3E18	3				CA43B3E0-5D83-43CA-B606-7ED3C1658665@2x.ktx	sceneID:com.apple.Maps-F34135F8-ECEF-4D50-8448-F1F80D0D3E18	2.0	True		1	1	UIBackgroundStyleDefault	CA43B3E0-5D83-43CA-B606-7ED3C1658665	{375, 667}	0	True	
2022-01-10 17:29:39.517303	com.apple.MobileStore	com.apple.MobileStore - {DEFAULT GROUP}	0			__from_UILaunchStoryboardName__	4D89443F-4AB2-4815-B908-4420C83A4AA5@2x.ktx	com.apple.MobileStore - {DEFAULT GROUP}	2.0	True		1	1	UIBackgroundStyleDefault	4D89443F-4AB2-4815-B908-4420C83A4AA5	{375, 667}	1	True	
2022-01-10 17:29:39.491651	com.apple.MobileStore	com.apple.MobileStore - {DEFAULT GROUP}	1			__from_UILaunchStoryboardName__	68FF73BF-9427-4E99-943B-C69BFE9CBBEE@2x.ktx	com.apple.MobileStore - {DEFAULT GROUP}	2.0	True		1	1	UIBackgroundStyleDefault	68FF73BF-9427-4E99-943B-C69BFE9CBBEE	{375, 667}	1	True	
2022-01-10 17:29:39.547746	com.apple.MobileStore	com.apple.MobileStore - {DEFAULT GROUP}	2			__from_UILaunchStoryboardName__	4B74AB11-8A27-4141-B86D-7ECA6D0038FD@2x.ktx	com.apple.MobileStore - {DEFAULT GROUP}	2.0	True		4	1	UIBackgroundStyleDefault	4B74AB11-8A27-4141-B86D-7ECA6D0038FD	{375, 667}	1	True	
2022-01-10 17:29:39.574527	com.apple.MobileStore	com.apple.MobileStore - {DEFAULT GROUP}	3			__from_UILaunchStoryboardName__	4519C008-671F-4012-A657-3FED2D149D5C@2x.ktx	com.apple.MobileStore - {DEFAULT GROUP}	2.0	True		4	1	UIBackgroundStyleDefault	4519C008-671F-4012-A657-3FED2D149D5C	{375, 667}	1	True	
2022-01-10 17:29:52.232742	com.apple.mobilecal	com.apple.mobilecal - {DEFAULT GROUP}	0			__from_UILaunchStoryboardName__	384DB72F-2D73-4B27-B2D7-E723893C7C7E@2x.ktx	com.apple.mobilecal - {DEFAULT GROUP}	2.0	True		4	1	UIBackgroundStyleDefault	384DB72F-2D73-4B27-B2D7-E723893C7C7E	{375, 667}	1	True	
2022-01-10 17:29:52.159355	com.apple.mobilecal	com.apple.mobilecal - {DEFAULT GROUP}	1			__from_UILaunchStoryboardName__	AD326E14-868E-44E6-83D4-8E676539A82A@2x.ktx	com.apple.mobilecal - {DEFAULT GROUP}	2.0	True		1	1	UIBackgroundStyleDefault	AD326E14-868E-44E6-83D4-8E676539A82A	{375, 667}	1	True	
2022-01-10 17:29:52.266671	com.apple.mobilecal	com.apple.mobilecal - {DEFAULT GROUP}	2			__from_UILaunchStoryboardName__	3484BD74-3A04-4BEF-AA2D-075817102A26@2x.ktx	com.apple.mobilecal - {DEFAULT GROUP}	2.0	True		4	1	UIBackgroundStyleDefault	3484BD74-3A04-4BEF-AA2D-075817102A26	{375, 667}	1	True	
2022-01-10 17:29:52.198100	com.apple.mobilecal	com.apple.mobilecal - {DEFAULT GROUP}	3			__from_UILaunchStoryboardName__	A7332EFE-EF46-435A-AF76-79BC73CEB277@2x.ktx	com.apple.mobilecal - {DEFAULT GROUP}	2.0	True		1	1	UIBackgroundStyleDefault	A7332EFE-EF46-435A-AF76-79BC73CEB277	{375, 667}	1	True	
2022-01-10 17:29:53.646798	com.apple.mobilecal	sceneID:com.apple.mobilecal-2C0787D0-4545-44ED-B9FC-79677C76AC32	0				EC5F977C-BEC4-4FBE-BC0B-9117B7A93955@2x.ktx	sceneID:com.apple.mobilecal-2C0787D0-4545-44ED-B9FC-79677C76AC32	2.0	True		1	1	UIBackgroundStyleDefault	EC5F977C-BEC4-4FBE-BC0B-9117B7A93955	{375, 667}	0	True	
2022-01-10 17:29:53.676762	com.apple.mobilecal	sceneID:com.apple.mobilecal-2C0787D0-4545-44ED-B9FC-79677C76AC32	1				F46EA4DF-ACC1-468B-B21E-BE9E0DD7270C@2x.ktx	sceneID:com.apple.mobilecal-2C0787D0-4545-44ED-B9FC-79677C76AC32	2.0	True		1	1	UIBackgroundStyleDefault	F46EA4DF-ACC1-468B-B21E-BE9E0DD7270C	{375, 667}	0	True	
2022-01-21 20:32:04.069222	com.apple.mobilecal	sceneID:com.apple.mobilecal-4E83D860-588E-45AF-AF6B-122A718FD53A	0				DAE96D26-C7FD-4A7D-A6B7-B3E99D675CCE@2x.ktx	sceneID:com.apple.mobilecal-4E83D860-588E-45AF-AF6B-122A718FD53A	2.0	True		1	1	UIBackgroundStyleDefault	DAE96D26-C7FD-4A7D-A6B7-B3E99D675CCE	{375, 667}	0	True	
2022-01-21 20:32:04.038082	com.apple.mobilecal	sceneID:com.apple.mobilecal-4E83D860-588E-45AF-AF6B-122A718FD53A	1				8AE8B251-37FA-46D5-BA68-88B8ED7D2670@2x.ktx	sceneID:com.apple.mobilecal-4E83D860-588E-45AF-AF6B-122A718FD53A	2.0	True		1	1	UIBackgroundStyleDefault	8AE8B251-37FA-46D5-BA68-88B8ED7D2670	{375, 667}	0	True	
2022-01-10 17:29:52.974411	com.apple.VoiceMemos	com.apple.VoiceMemos - {DEFAULT GROUP}	0			__from_UILaunchStoryboardName__	148609DB-BB74-48B5-880A-F7DF9BFB9C9F@2x.ktx	com.apple.VoiceMemos - {DEFAULT GROUP}	2.0	True		1	1	UIBackgroundStyleDefault	148609DB-BB74-48B5-880A-F7DF9BFB9C9F	{375, 667}	1	False	
2022-01-10 17:29:52.995642	com.apple.VoiceMemos	com.apple.VoiceMemos - {DEFAULT GROUP}	1			__from_UILaunchStoryboardName__	E0811F22-F653-4452-B4D1-47A4BBA1E901@2x.ktx	com.apple.VoiceMemos - {DEFAULT GROUP}	2.0	True		1	1	UIBackgroundStyleDefault	E0811F22-F653-4452-B4D1-47A4BBA1E901	{375, 667}	1	False	
2022-01-10 17:30:00.304771	com.apple.DocumentsApp	com.apple.DocumentsApp - {DEFAULT GROUP}	0			__from_UILaunchStoryboardName__	DD0F7C0B-0A2A-4365-A6EE-EA0840468F77@2x.ktx	com.apple.DocumentsApp - {DEFAULT GROUP}	2.0	True		1	1	UIBackgroundStyleDefault	DD0F7C0B-0A2A-4365-A6EE-EA0840468F77	{375, 667}	1	True	
2022-01-10 17:30:00.331044	com.apple.DocumentsApp	com.apple.DocumentsApp - {DEFAULT GROUP}	1			__from_UILaunchStoryboardName__	5CEF606A-1530-48F8-B4C3-BD42FF00E28A@2x.ktx	com.apple.DocumentsApp - {DEFAULT GROUP}	2.0	True		4	1	UIBackgroundStyleDefault	5CEF606A-1530-48F8-B4C3-BD42FF00E28A	{375, 667}	1	True	
2022-01-10 17:30:00.274126	com.apple.DocumentsApp	com.apple.DocumentsApp - {DEFAULT GROUP}	2			__from_UILaunchStoryboardName__	3B46B06B-E509-4D1E-B34E-B61ADC362992@2x.ktx	com.apple.DocumentsApp - {DEFAULT GROUP}	2.0	True		1	1	UIBackgroundStyleDefault	3B46B06B-E509-4D1E-B34E-B61ADC362992	{375, 667}	1	True	
2022-01-10 17:30:00.353946	com.apple.DocumentsApp	com.apple.DocumentsApp - {DEFAULT GROUP}	3			__from_UILaunchStoryboardName__	AA060CB9-3E80-4FB8-8AFD-F085C298F0FF@2x.ktx	com.apple.DocumentsApp - {DEFAULT GROUP}	2.0	True		4	1	UIBackgroundStyleDefault	AA060CB9-3E80-4FB8-8AFD-F085C298F0FF	{375, 667}	1	True	
2022-01-10 17:30:09.898780	com.apple.weather	com.apple.weather - {DEFAULT GROUP}	0		2022-01-15 00:16:07.477817	__from_UILaunchStoryboardName__	216302C6-AAF5-48E9-A798-5C4D58FBF02A@2x.ktx	com.apple.weather - {DEFAULT GROUP}	2.0	True		1	1	UIBackgroundStyleDefault	216302C6-AAF5-48E9-A798-5C4D58FBF02A	{375, 667}	1	True	
2022-01-10 17:30:09.933738	com.apple.weather	com.apple.weather - {DEFAULT GROUP}	1			__from_UILaunchStoryboardName__	2981629B-B35F-4A12-AC07-CE67D708B159@2x.ktx	com.apple.weather - {DEFAULT GROUP}	2.0	True		1	1	UIBackgroundStyleDefault	2981629B-B35F-4A12-AC07-CE67D708B159	{375, 667}	1	True	
2022-01-10 17:30:10.843873	com.apple.Translate	com.apple.Translate - {DEFAULT GROUP}	0		2022-01-21 22:20:05.998062	__from_UILaunchStoryboardName__	A023ECFE-38B0-4118-A7FA-9146FA562B72@2x.ktx	com.apple.Translate - {DEFAULT GROUP}	2.0	True		1	1	UIBackgroundStyleDefault	A023ECFE-38B0-4118-A7FA-9146FA562B72	{375, 667}	1	True	
2022-01-10 17:30:10.869283	com.apple.Translate	com.apple.Translate - {DEFAULT GROUP}	1			__from_UILaunchStoryboardName__	A4DE70C8-28BF-4BD3-9B13-1E8FECACF4AE@2x.ktx	com.apple.Translate - {DEFAULT GROUP}	2.0	True		4	1	UIBackgroundStyleDefault	A4DE70C8-28BF-4BD3-9B13-1E8FECACF4AE	{375, 667}	1	True	
2022-01-10 17:30:10.817147	com.apple.Translate	com.apple.Translate - {DEFAULT GROUP}	2			__from_UILaunchStoryboardName__	1C65A080-6387-49C8-B1BE-DCA13A7C5CBE@2x.ktx	com.apple.Translate - {DEFAULT GROUP}	2.0	True		1	1	UIBackgroundStyleDefault	1C65A080-6387-49C8-B1BE-DCA13A7C5CBE	{375, 667}	1	True	
2022-01-10 17:30:10.889896	com.apple.Translate	com.apple.Translate - {DEFAULT GROUP}	3			__from_UILaunchStoryboardName__	F8B9F795-CFB6-4C6E-8DF9-3F76614469DD@2x.ktx	com.apple.Translate - {DEFAULT GROUP}	2.0	True		4	1	UIBackgroundStyleDefault	F8B9F795-CFB6-4C6E-8DF9-3F76614469DD	{375, 667}	1	True	
2022-01-10 17:30:33.308464	com.apple.iBooks	com.apple.iBooks - {DEFAULT GROUP}	0			__from_UILaunchStoryboardName__	9F0CDF6F-AF13-4180-A760-48F8EB0A753C@2x.ktx	com.apple.iBooks - {DEFAULT GROUP}	2.0	True		1	1	UIBackgroundStyleDefault	9F0CDF6F-AF13-4180-A760-48F8EB0A753C	{375, 667}	1	True	
2022-01-10 17:30:33.327775	com.apple.iBooks	com.apple.iBooks - {DEFAULT GROUP}	1			__from_UILaunchStoryboardName__	A978E9C3-E123-41FF-9336-D65ECD463599@2x.ktx	com.apple.iBooks - {DEFAULT GROUP}	2.0	True		1	1	UIBackgroundStyleDefault	A978E9C3-E123-41FF-9336-D65ECD463599	{375, 667}	1	True	
2022-01-10 17:30:33.353812	com.apple.iBooks	com.apple.iBooks - {DEFAULT GROUP}	2			__from_UILaunchStoryboardName__	80D99388-9CB0-44AD-B4F4-F9B60C802CF1@2x.ktx	com.apple.iBooks - {DEFAULT GROUP}	2.0	True		4	1	UIBackgroundStyleDefault	80D99388-9CB0-44AD-B4F4-F9B60C802CF1	{375, 667}	1	True	
2022-01-10 17:30:33.375301	com.apple.iBooks	com.apple.iBooks - {DEFAULT GROUP}	3			__from_UILaunchStoryboardName__	6DF35AA4-A19B-4883-BF53-41B6241185BC@2x.ktx	com.apple.iBooks - {DEFAULT GROUP}	2.0	True		4	1	UIBackgroundStyleDefault	6DF35AA4-A19B-4883-BF53-41B6241185BC	{375, 667}	1	True	
2022-01-10 17:30:37.675059	com.apple.Music	com.apple.Music - {DEFAULT GROUP}	0			__from_UILaunchStoryboardName__	8ACA68F2-49FD-4410-A1DB-E945DFFC6893@2x.ktx	com.apple.Music - {DEFAULT GROUP}	2.0	True		1	1	UIBackgroundStyleDefault	8ACA68F2-49FD-4410-A1DB-E945DFFC6893	{375, 667}	1	True	
2022-01-10 17:30:37.719766	com.apple.Music	com.apple.Music - {DEFAULT GROUP}	1			__from_UILaunchStoryboardName__	EE56D67F-ABBA-4237-889C-5E0EB9FB2E29@2x.ktx	com.apple.Music - {DEFAULT GROUP}	2.0	True		1	1	UIBackgroundStyleDefault	EE56D67F-ABBA-4237-889C-5E0EB9FB2E29	{375, 667}	1	True	
2022-01-10 17:30:43.510528	com.apple.compass	com.apple.compass - {DEFAULT GROUP}	0			__from_UILaunchStoryboardName__	56C0EE34-D510-405A-AF90-9F83D1EA2A3D@2x.ktx	com.apple.compass - {DEFAULT GROUP}	2.0	True		1	1	UIBackgroundStyleDefault	56C0EE34-D510-405A-AF90-9F83D1EA2A3D	{375, 667}	1	True	
2022-01-10 17:30:43.545304	com.apple.compass	com.apple.compass - {DEFAULT GROUP}	1			__from_UILaunchStoryboardName__	0584820F-437A-4483-A21C-DCA4C10C4496@2x.ktx	com.apple.compass - {DEFAULT GROUP}	2.0	True		1	1	UIBackgroundStyleDefault	0584820F-437A-4483-A21C-DCA4C10C4496	{375, 667}	1	True	
2022-01-10 17:30:49.094620	com.apple.podcasts	com.apple.podcasts - {DEFAULT GROUP}	0			__from_UILaunchStoryboardName__	DE0A06B5-7DA2-4E55-8DEB-576E2C913979@2x.ktx	com.apple.podcasts - {DEFAULT GROUP}	2.0	True		1	1	UIBackgroundStyleDefault	DE0A06B5-7DA2-4E55-8DEB-576E2C913979	{375, 667}	1	True	
2022-01-10 17:30:49.142466	com.apple.podcasts	com.apple.podcasts - {DEFAULT GROUP}	1			__from_UILaunchStoryboardName__	38AA56B9-AC90-48FC-8049-7C575DA5C332@2x.ktx	com.apple.podcasts - {DEFAULT GROUP}	2.0	True		1	1	UIBackgroundStyleDefault	38AA56B9-AC90-48FC-8049-7C575DA5C332	{375, 667}	1	True	
2022-01-21 20:32:02.815348	com.google.Gmail	com.google.Gmail - {DEFAULT GROUP}	0		2022-01-30 02:18:14.765972	__from_UILaunchStoryboardName__	D9934193-F26F-4476-A712-D8D0DF6BF024@2x.ktx	com.google.Gmail - {DEFAULT GROUP}	2.0	True		1	1	UIBackgroundStyleDefault	D9934193-F26F-4476-A712-D8D0DF6BF024	{375, 667}	1	True	
2022-01-21 20:32:02.886139	com.google.Gmail	com.google.Gmail - {DEFAULT GROUP}	1			__from_UILaunchStoryboardName__	7616389C-34DE-449D-BA88-AC725CB47753@2x.ktx	com.google.Gmail - {DEFAULT GROUP}	2.0	True		1	1	UIBackgroundStyleDefault	7616389C-34DE-449D-BA88-AC725CB47753	{375, 667}	1	True	
2022-02-11 03:58:39.546353	com.hammerandchisel.discord	sceneID:com.hammerandchisel.discord-default	0				3A065EBE-4A8E-4948-956F-09E07BDF708F@2x.ktx	sceneID:com.hammerandchisel.discord-default	2.0	True		1	1	UIBackgroundStyleDefault	3A065EBE-4A8E-4948-956F-09E07BDF708F	{375, 667}	0	True	
2022-02-11 03:58:39.473952	com.hammerandchisel.discord	sceneID:com.hammerandchisel.discord-default	1				EFE24337-8DC9-4488-8758-7B3D82787F0D@2x.ktx	sceneID:com.hammerandchisel.discord-default	2.0	True		1	1	UIBackgroundStyleDefault	EFE24337-8DC9-4488-8758-7B3D82787F0D	{375, 667}	0	True	
2022-02-11 03:58:39.568390	com.hammerandchisel.discord	sceneID:com.hammerandchisel.discord-default	2				10DC94DB-C1D2-4C98-9504-D3BABA1F94C8@2x.ktx	sceneID:com.hammerandchisel.discord-default	2.0	True		1	1	UIBackgroundStyleDefault	10DC94DB-C1D2-4C98-9504-D3BABA1F94C8	{375, 667}	0	True	
2022-02-11 03:58:39.501150	com.hammerandchisel.discord	sceneID:com.hammerandchisel.discord-default	3				DE22FDC7-9F84-40AC-9111-FA47870505EA@2x.ktx	sceneID:com.hammerandchisel.discord-default	2.0	True		1	1	UIBackgroundStyleDefault	DE22FDC7-9F84-40AC-9111-FA47870505EA	{375, 667}	0	True	
2022-02-04 04:11:29.808858	com.hammerandchisel.discord	com.hammerandchisel.discord - {DEFAULT GROUP}	0			__from_UILaunchStoryboardName__	49FC1F4E-D41D-4635-A411-654BDDFC6FAD@2x.ktx	com.hammerandchisel.discord - {DEFAULT GROUP}	2.0	True		1	1	UIBackgroundStyleDefault	49FC1F4E-D41D-4635-A411-654BDDFC6FAD	{375, 667}	1	True	
2022-01-21 20:34:19.807586	com.hammerandchisel.discord	com.hammerandchisel.discord - {DEFAULT GROUP}	1		2022-01-21 21:28:24.239723	__from_UILaunchStoryboardName__	B5AA6111-28B4-4072-A67F-CFBA2EF0C549@2x.ktx	com.hammerandchisel.discord - {DEFAULT GROUP}	2.0	True		1	1	UIBackgroundStyleDefault	B5AA6111-28B4-4072-A67F-CFBA2EF0C549	{375, 667}	1	True	
2022-01-21 20:34:19.872722	com.hammerandchisel.discord	com.hammerandchisel.discord - {DEFAULT GROUP}	2			__from_UILaunchStoryboardName__	17EBE045-CFEF-4ED1-AD9C-055B5A567ACD@2x.ktx	com.hammerandchisel.discord - {DEFAULT GROUP}	2.0	True		4	1	UIBackgroundStyleDefault	17EBE045-CFEF-4ED1-AD9C-055B5A567ACD	{375, 667}	1	True	
2022-01-21 20:34:19.848935	com.hammerandchisel.discord	com.hammerandchisel.discord - {DEFAULT GROUP}	3			__from_UILaunchStoryboardName__	6E8EA85C-C56C-47AE-B2D7-D4C016E4EB95@2x.ktx	com.hammerandchisel.discord - {DEFAULT GROUP}	2.0	True		4	1	UIBackgroundStyleDefault	6E8EA85C-C56C-47AE-B2D7-D4C016E4EB95	{375, 667}	1	True	
2022-01-21 20:34:19.770879	com.hammerandchisel.discord	com.hammerandchisel.discord - {DEFAULT GROUP}	4		2022-02-11 03:56:13.426280	__from_UILaunchStoryboardName__	93E29569-8593-4EC8-BC7F-39324E9355D5@2x.ktx	com.hammerandchisel.discord - {DEFAULT GROUP}	2.0	True		1	1	UIBackgroundStyleDefault	93E29569-8593-4EC8-BC7F-39324E9355D5	{375, 667}	1	True	
2022-01-21 20:37:49.814090	com.toyopagroup.picaboo	com.toyopagroup.picaboo - {DEFAULT GROUP}	0		2022-01-30 02:04:52.853652	__from_UILaunchStoryboardName__	AF91DB24-DD73-4848-AD7F-8B3CE2C688F7@2x.ktx	com.toyopagroup.picaboo - {DEFAULT GROUP}	2.0	True		1	1	UIBackgroundStyleDefault	AF91DB24-DD73-4848-AD7F-8B3CE2C688F7	{375, 667}	1	True	
2022-01-21 20:37:49.859252	com.toyopagroup.picaboo	com.toyopagroup.picaboo - {DEFAULT GROUP}	1			__from_UILaunchStoryboardName__	D6D83FB0-A3E8-4D04-B12B-25DB8329D035@2x.ktx	com.toyopagroup.picaboo - {DEFAULT GROUP}	2.0	True		1	1	UIBackgroundStyleDefault	D6D83FB0-A3E8-4D04-B12B-25DB8329D035	{375, 667}	1	True	
2022-01-21 20:44:04.635788	com.moxco.bumble	com.moxco.bumble - {DEFAULT GROUP}	0		2022-02-04 04:09:02.601154	__from_UILaunchStoryboardName__	50B8C306-6828-482F-AABB-D9DDA1DA3A12@2x.ktx	com.moxco.bumble - {DEFAULT GROUP}	2.0	True		1	1	UIBackgroundStyleDefault	50B8C306-6828-482F-AABB-D9DDA1DA3A12	{375, 667}	1	True	
2022-01-21 20:45:16.465743	com.atebits.Tweetie2	com.atebits.Tweetie2 - {DEFAULT GROUP}	0		2022-02-06 04:41:03.225856	__from_UILaunchStoryboardName__	EA338C85-A188-483C-9ABF-441D2E266859@2x.ktx	com.atebits.Tweetie2 - {DEFAULT GROUP}	2.0	True		1	1	UIBackgroundStyleDefault	EA338C85-A188-483C-9ABF-441D2E266859	{375, 667}	1	True	
2022-01-21 20:45:16.513062	com.atebits.Tweetie2	com.atebits.Tweetie2 - {DEFAULT GROUP}	1			__from_UILaunchStoryboardName__	F4F5A4F4-AA96-4FEE-9494-3144851E6967@2x.ktx	com.atebits.Tweetie2 - {DEFAULT GROUP}	2.0	True		4	1	UIBackgroundStyleDefault	F4F5A4F4-AA96-4FEE-9494-3144851E6967	{375, 667}	1	True	
2022-01-21 20:45:16.532475	com.atebits.Tweetie2	com.atebits.Tweetie2 - {DEFAULT GROUP}	2			__from_UILaunchStoryboardName__	80014D04-B4EC-4D28-90E0-E007B76E1755@2x.ktx	com.atebits.Tweetie2 - {DEFAULT GROUP}	2.0	True		4	1	UIBackgroundStyleDefault	80014D04-B4EC-4D28-90E0-E007B76E1755	{375, 667}	1	True	
2022-01-21 20:45:16.491922	com.atebits.Tweetie2	com.atebits.Tweetie2 - {DEFAULT GROUP}	3			__from_UILaunchStoryboardName__	F2FD5F78-9E9A-4495-B1AC-EFCD18F87C17@2x.ktx	com.atebits.Tweetie2 - {DEFAULT GROUP}	2.0	True		1	1	UIBackgroundStyleDefault	F2FD5F78-9E9A-4495-B1AC-EFCD18F87C17	{375, 667}	1	True	
2022-01-21 20:46:27.877226	com.reddit.Reddit	com.reddit.Reddit - {DEFAULT GROUP}	0			__from_UILaunchStoryboardName__	0F17CFD7-FBB1-4FB5-AE8E-F142967B0E22@2x.ktx	com.reddit.Reddit - {DEFAULT GROUP}	2.0	True		4	1	UIBackgroundStyleDefault	0F17CFD7-FBB1-4FB5-AE8E-F142967B0E22	{375, 667}	1	True	
2022-01-21 20:46:27.817727	com.reddit.Reddit	com.reddit.Reddit - {DEFAULT GROUP}	1		2022-02-04 00:26:14.640653	__from_UILaunchStoryboardName__	3F4FD045-5568-4D45-A268-EB37E63F84E8@2x.ktx	com.reddit.Reddit - {DEFAULT GROUP}	2.0	True		1	1	UIBackgroundStyleDefault	3F4FD045-5568-4D45-A268-EB37E63F84E8	{375, 667}	1	True	
2022-01-21 20:46:27.858088	com.reddit.Reddit	com.reddit.Reddit - {DEFAULT GROUP}	2			__from_UILaunchStoryboardName__	001D3686-A7CE-4DA9-9A31-06B81A0A28DF@2x.ktx	com.reddit.Reddit - {DEFAULT GROUP}	2.0	True		1	1	UIBackgroundStyleDefault	001D3686-A7CE-4DA9-9A31-06B81A0A28DF	{375, 667}	1	True	
2022-01-21 20:46:27.895529	com.reddit.Reddit	com.reddit.Reddit - {DEFAULT GROUP}	3			__from_UILaunchStoryboardName__	1C0851A0-8F87-423E-919C-DECAA22E945F@2x.ktx	com.reddit.Reddit - {DEFAULT GROUP}	2.0	True		4	1	UIBackgroundStyleDefault	1C0851A0-8F87-423E-919C-DECAA22E945F	{375, 667}	1	True	
2022-01-21 20:47:19.657828	org.whispersystems.signal	org.whispersystems.signal - {DEFAULT GROUP}	0			__from_UILaunchStoryboardName__	4D66D1DD-8A45-4934-B2E7-A79515E3C540@2x.ktx	org.whispersystems.signal - {DEFAULT GROUP}	2.0	True		4	1	UIBackgroundStyleDefault	4D66D1DD-8A45-4934-B2E7-A79515E3C540	{375, 667}	1	True	
2022-01-21 20:47:19.677984	org.whispersystems.signal	org.whispersystems.signal - {DEFAULT GROUP}	1			__from_UILaunchStoryboardName__	0783DD12-FA9A-45C3-8FAB-DC70F44E140F@2x.ktx	org.whispersystems.signal - {DEFAULT GROUP}	2.0	True		4	1	UIBackgroundStyleDefault	0783DD12-FA9A-45C3-8FAB-DC70F44E140F	{375, 667}	1	True	
2022-01-21 20:47:19.603180	org.whispersystems.signal	org.whispersystems.signal - {DEFAULT GROUP}	2		2022-01-21 22:02:25.248055	__from_UILaunchStoryboardName__	E2DC15B7-45E3-422A-B954-500DED87B55B@2x.ktx	org.whispersystems.signal - {DEFAULT GROUP}	2.0	True		1	1	UIBackgroundStyleDefault	E2DC15B7-45E3-422A-B954-500DED87B55B	{375, 667}	1	True	
2022-01-21 20:47:19.635204	org.whispersystems.signal	org.whispersystems.signal - {DEFAULT GROUP}	3			__from_UILaunchStoryboardName__	9354B5DC-119E-42E8-83C8-7F5A90B6D3DC@2x.ktx	org.whispersystems.signal - {DEFAULT GROUP}	2.0	True		1	1	UIBackgroundStyleDefault	9354B5DC-119E-42E8-83C8-7F5A90B6D3DC	{375, 667}	1	True	
2022-01-21 21:13:31.703708	com.wearezeta.zclient.ios	com.wearezeta.zclient.ios - {DEFAULT GROUP}	0		2022-01-21 22:04:50.559110	__from_UILaunchStoryboardName__	B1AB97AB-E5D7-408A-B551-1CA7BC0E17E2@2x.ktx	com.wearezeta.zclient.ios - {DEFAULT GROUP}	2.0	True		1	1	UIBackgroundStyleDefault	B1AB97AB-E5D7-408A-B551-1CA7BC0E17E2	{375, 667}	1	True	
2022-01-21 21:13:31.740697	com.wearezeta.zclient.ios	com.wearezeta.zclient.ios - {DEFAULT GROUP}	1			__from_UILaunchStoryboardName__	2924DCE5-43E8-42BE-BB59-10207B771D48@2x.ktx	com.wearezeta.zclient.ios - {DEFAULT GROUP}	2.0	True		1	1	UIBackgroundStyleDefault	2924DCE5-43E8-42BE-BB59-10207B771D48	{375, 667}	1	True	
2022-01-21 21:13:31.785708	com.wearezeta.zclient.ios	com.wearezeta.zclient.ios - {DEFAULT GROUP}	2			__from_UILaunchStoryboardName__	2100F9B4-4D81-42FA-B3A0-AF798B3C7579@2x.ktx	com.wearezeta.zclient.ios - {DEFAULT GROUP}	2.0	True		4	1	UIBackgroundStyleDefault	2100F9B4-4D81-42FA-B3A0-AF798B3C7579	{375, 667}	1	True	
2022-01-21 21:13:31.762797	com.wearezeta.zclient.ios	com.wearezeta.zclient.ios - {DEFAULT GROUP}	3			__from_UILaunchStoryboardName__	EF74A33F-CBF0-4A07-A179-34DF94894265@2x.ktx	com.wearezeta.zclient.ios - {DEFAULT GROUP}	2.0	True		4	1	UIBackgroundStyleDefault	EF74A33F-CBF0-4A07-A179-34DF94894265	{375, 667}	1	True	
2022-02-11 03:55:27.786098	com.alltrails.AllTrails	sceneID:com.alltrails.AllTrails-default	0				0ADA708C-8C44-4E32-AB7F-26A9D91EB100@2x.ktx	sceneID:com.alltrails.AllTrails-default	2.0	True		1	1	UIBackgroundStyleDefault	0ADA708C-8C44-4E32-AB7F-26A9D91EB100	{375, 667}	0	True	
2022-02-11 03:55:27.711366	com.alltrails.AllTrails	sceneID:com.alltrails.AllTrails-default	1				5BEE8F11-C5CD-491C-9D5C-37364895132E@2x.ktx	sceneID:com.alltrails.AllTrails-default	2.0	True		1	1	UIBackgroundStyleDefault	5BEE8F11-C5CD-491C-9D5C-37364895132E	{375, 667}	0	True	
2022-02-11 03:55:27.741277	com.alltrails.AllTrails	sceneID:com.alltrails.AllTrails-default	2				0933AF61-8548-48B3-8C0B-20EBF0039D2F@2x.ktx	sceneID:com.alltrails.AllTrails-default	2.0	True		1	1	UIBackgroundStyleDefault	0933AF61-8548-48B3-8C0B-20EBF0039D2F	{375, 667}	0	True	
2022-02-11 03:55:27.814953	com.alltrails.AllTrails	sceneID:com.alltrails.AllTrails-default	3				A4B61F45-FAD5-4A8A-B90C-4CC7E3AE37CC@2x.ktx	sceneID:com.alltrails.AllTrails-default	2.0	True		1	1	UIBackgroundStyleDefault	A4B61F45-FAD5-4A8A-B90C-4CC7E3AE37CC	{375, 667}	0	True	
2022-01-21 21:15:35.167054	com.alltrails.AllTrails	com.alltrails.AllTrails - {DEFAULT GROUP}	0		2022-01-21 22:11:30.472265	__from_UILaunchStoryboardName__	9DB04ECF-CB9E-40CF-BA2A-909F8FD9F8CC@2x.ktx	com.alltrails.AllTrails - {DEFAULT GROUP}	2.0	True		1	1	UIBackgroundStyleDefault	9DB04ECF-CB9E-40CF-BA2A-909F8FD9F8CC	{375, 667}	1	True	
2022-01-21 21:15:35.138798	com.alltrails.AllTrails	com.alltrails.AllTrails - {DEFAULT GROUP}	1		2022-02-06 22:19:47.805683	__from_UILaunchStoryboardName__	FE1F21B9-F313-4037-A01F-05116530298D@2x.ktx	com.alltrails.AllTrails - {DEFAULT GROUP}	2.0	True		1	1	UIBackgroundStyleDefault	FE1F21B9-F313-4037-A01F-05116530298D	{375, 667}	1	True	
2022-01-21 21:17:10.922992	ru.appscraft.CollectorGame	ru.appscraft.CollectorGame - {DEFAULT GROUP}	0		2022-02-02 18:49:01.701479	__from_UILaunchStoryboardName__	32804522-50E0-4B72-9E06-78D326F57D46@2x.ktx	ru.appscraft.CollectorGame - {DEFAULT GROUP}	2.0	True		1	1	UIBackgroundStyleDefault	32804522-50E0-4B72-9E06-78D326F57D46	{375, 667}	1	True	
2022-01-21 21:17:55.726216	com.gma.water.sort.puzzle	com.gma.water.sort.puzzle - {DEFAULT GROUP}	0		2022-01-21 22:20:07.647026	__from_UILaunchStoryboardName__	919F7629-881B-44CB-A5AD-90A1B9B177B0@2x.ktx	com.gma.water.sort.puzzle - {DEFAULT GROUP}	2.0	True		1	1	UIBackgroundStyleDefault	919F7629-881B-44CB-A5AD-90A1B9B177B0	{375, 667}	1	True	
2022-01-21 21:17:55.773309	com.gma.water.sort.puzzle	com.gma.water.sort.puzzle - {DEFAULT GROUP}	1			__from_UILaunchStoryboardName__	8960DC1D-57AC-471F-9AAF-A198BC5D2A1E@2x.ktx	com.gma.water.sort.puzzle - {DEFAULT GROUP}	2.0	True		1	1	UIBackgroundStyleDefault	8960DC1D-57AC-471F-9AAF-A198BC5D2A1E	{375, 667}	1	True	
2022-01-21 22:19:31.884447	com.chess.iphone	com.chess.iphone - {DEFAULT GROUP}	0			__from_UILaunchStoryboardName__	8D2B3451-EF98-4D40-AB7F-F887C6A2CED1@2x.ktx	com.chess.iphone - {DEFAULT GROUP}	2.0	True		1	1	UIBackgroundStyleDefault	8D2B3451-EF98-4D40-AB7F-F887C6A2CED1	{375, 667}	1	True	
2022-01-21 21:21:39.823238	com.chess.iphone	com.chess.iphone - {DEFAULT GROUP}	1		2022-02-04 00:55:55.897730	__from_UILaunchStoryboardName__	372EC4E2-EA83-4785-B4D7-C263C097A70F@2x.ktx	com.chess.iphone - {DEFAULT GROUP}	2.0	True		1	1	UIBackgroundStyleDefault	372EC4E2-EA83-4785-B4D7-C263C097A70F	{375, 667}	1	True	
2022-01-21 21:21:39.867804	com.chess.iphone	com.chess.iphone - {DEFAULT GROUP}	2			__from_UILaunchStoryboardName__	8F154453-B5C0-4191-9481-7692F635018A@2x.ktx	com.chess.iphone - {DEFAULT GROUP}	2.0	True		4	1	UIBackgroundStyleDefault	8F154453-B5C0-4191-9481-7692F635018A	{375, 667}	1	True	
